Date,Type,Niveau,SurfacePermis,SurfaceChantiers
2013-01-01,Commerce et services,Destination,728492,421783
2013-01-01,Exploitation agricole ou forestière,Destination,988175,292709
2013-01-01,"Industrie, entrepôts et bureaux",Destination,1343830,690330
2013-01-01,Équipements publics,Destination,635994,424773
2013-01-01,Bureaux,Sous-destination,403899,268068
2013-01-01,Entrepôts,Sous-destination,431070,196348
2013-01-01,Hôtels,Sous-destination,107055,62870
2013-01-01,Industrie,Sous-destination,492005,205113
2013-02-01,Commerce et services,Destination,659901,400403
2013-02-01,Exploitation agricole ou forestière,Destination,905030,358520
2013-02-01,"Industrie, entrepôts et bureaux",Destination,1138168,689676
2013-02-01,Équipements publics,Destination,611014,391522
2013-02-01,Bureaux,Sous-destination,489172,245116
2013-02-01,Entrepôts,Sous-destination,304805,216748
2013-02-01,Hôtels,Sous-destination,66182,31919
2013-02-01,Industrie,Sous-destination,367166,197781
2013-03-01,Commerce et services,Destination,598516,438367
2013-03-01,Exploitation agricole ou forestière,Destination,946015,370610
2013-03-01,"Industrie, entrepôts et bureaux",Destination,1299243,807926
2013-03-01,Équipements publics,Destination,555912,630682
2013-03-01,Bureaux,Sous-destination,386000,303393
2013-03-01,Entrepôts,Sous-destination,698708,241087
2013-03-01,Hôtels,Sous-destination,88790,27635
2013-03-01,Industrie,Sous-destination,325377,233230
2013-04-01,Commerce et services,Destination,607164,473083
2013-04-01,Exploitation agricole ou forestière,Destination,981025,466967
2013-04-01,"Industrie, entrepôts et bureaux",Destination,1037373,689677
2013-04-01,Équipements publics,Destination,596575,480536
2013-04-01,Bureaux,Sous-destination,347032,276491
2013-04-01,Entrepôts,Sous-destination,426984,250069
2013-04-01,Hôtels,Sous-destination,71862,74474
2013-04-01,Industrie,Sous-destination,317599,193317
2013-05-01,Commerce et services,Destination,673349,536043
2013-05-01,Exploitation agricole ou forestière,Destination,1033263,553575
2013-05-01,"Industrie, entrepôts et bureaux",Destination,1219942,1026034
2013-05-01,Équipements publics,Destination,647032,560284
2013-05-01,Bureaux,Sous-destination,516776,402032
2013-05-01,Entrepôts,Sous-destination,478684,346487
2013-05-01,Hôtels,Sous-destination,69235,64440
2013-05-01,Industrie,Sous-destination,311085,283525
2013-06-01,Commerce et services,Destination,607575,439195
2013-06-01,Exploitation agricole ou forestière,Destination,989900,538204
2013-06-01,"Industrie, entrepôts et bureaux",Destination,1011873,860718
2013-06-01,Équipements publics,Destination,672143,430119
2013-06-01,Bureaux,Sous-destination,371519,295134
2013-06-01,Entrepôts,Sous-destination,423823,317402
2013-06-01,Hôtels,Sous-destination,104086,59107
2013-06-01,Industrie,Sous-destination,220328,179791
2013-07-01,Commerce et services,Destination,583329,419705
2013-07-01,Exploitation agricole ou forestière,Destination,1087903,524749
2013-07-01,"Industrie, entrepôts et bureaux",Destination,1086277,769374
2013-07-01,Équipements publics,Destination,585073,477524
2013-07-01,Bureaux,Sous-destination,383069,182452
2013-07-01,Entrepôts,Sous-destination,421756,398744
2013-07-01,Hôtels,Sous-destination,74939,37576
2013-07-01,Industrie,Sous-destination,245675,202413
2013-08-01,Commerce et services,Destination,616432,356559
2013-08-01,Exploitation agricole ou forestière,Destination,1005486,450011
2013-08-01,"Industrie, entrepôts et bureaux",Destination,1068578,814217
2013-08-01,Équipements publics,Destination,621556,412600
2013-08-01,Bureaux,Sous-destination,297284,269679
2013-08-01,Entrepôts,Sous-destination,394273,363632
2013-08-01,Hôtels,Sous-destination,91214,32849
2013-08-01,Industrie,Sous-destination,287575,258766
2013-09-01,Commerce et services,Destination,657800,400120
2013-09-01,Exploitation agricole ou forestière,Destination,1213564,521162
2013-09-01,"Industrie, entrepôts et bureaux",Destination,1073166,765584
2013-09-01,Équipements publics,Destination,558162,457977
2013-09-01,Bureaux,Sous-destination,285916,271365
2013-09-01,Entrepôts,Sous-destination,454209,278252
2013-09-01,Hôtels,Sous-destination,61329,55221
2013-09-01,Industrie,Sous-destination,250658,209215
2013-10-01,Commerce et services,Destination,781595,465119
2013-10-01,Exploitation agricole ou forestière,Destination,939581,518092
2013-10-01,"Industrie, entrepôts et bureaux",Destination,1180247,883710
2013-10-01,Équipements publics,Destination,653244,479726
2013-10-01,Bureaux,Sous-destination,428842,351650
2013-10-01,Entrepôts,Sous-destination,358069,270532
2013-10-01,Hôtels,Sous-destination,112689,70460
2013-10-01,Industrie,Sous-destination,291155,251143
2013-11-01,Commerce et services,Destination,636603,330018
2013-11-01,Exploitation agricole ou forestière,Destination,829290,544345
2013-11-01,"Industrie, entrepôts et bureaux",Destination,1193904,717867
2013-11-01,Équipements publics,Destination,495123,474810
2013-11-01,Bureaux,Sous-destination,450564,217761
2013-11-01,Entrepôts,Sous-destination,503461,261915
2013-11-01,Hôtels,Sous-destination,67245,48821
2013-11-01,Industrie,Sous-destination,281943,202918
2013-12-01,Commerce et services,Destination,611456,358710
2013-12-01,Exploitation agricole ou forestière,Destination,862852,551566
2013-12-01,"Industrie, entrepôts et bureaux",Destination,1359062,731006
2013-12-01,Équipements publics,Destination,480265,504463
2013-12-01,Bureaux,Sous-destination,733054,266692
2013-12-01,Entrepôts,Sous-destination,399336,249133
2013-12-01,Hôtels,Sous-destination,71677,63108
2013-12-01,Industrie,Sous-destination,232986,201304
2014-01-01,Commerce et services,Destination,543220,348248
2014-01-01,Exploitation agricole ou forestière,Destination,740537,543033
2014-01-01,"Industrie, entrepôts et bureaux",Destination,1162708,634056
2014-01-01,Équipements publics,Destination,546791,501571
2014-01-01,Bureaux,Sous-destination,511997,198964
2014-01-01,Entrepôts,Sous-destination,385895,219111
2014-01-01,Hôtels,Sous-destination,72960,40834
2014-01-01,Industrie,Sous-destination,291510,214595
2014-02-01,Commerce et services,Destination,661908,343617
2014-02-01,Exploitation agricole ou forestière,Destination,612812,584529
2014-02-01,"Industrie, entrepôts et bureaux",Destination,1127967,823808
2014-02-01,Équipements publics,Destination,438008,452005
2014-02-01,Bureaux,Sous-destination,351837,226092
2014-02-01,Entrepôts,Sous-destination,472988,322421
2014-02-01,Hôtels,Sous-destination,92042,59120
2014-02-01,Industrie,Sous-destination,290076,229727
2014-03-01,Commerce et services,Destination,564262,481789
2014-03-01,Exploitation agricole ou forestière,Destination,843767,565621
2014-03-01,"Industrie, entrepôts et bureaux",Destination,923459,714799
2014-03-01,Équipements publics,Destination,571908,446509
2014-03-01,Bureaux,Sous-destination,352805,223041
2014-03-01,Entrepôts,Sous-destination,360083,207498
2014-03-01,Hôtels,Sous-destination,73234,40923
2014-03-01,Industrie,Sous-destination,264023,255077
2014-04-01,Commerce et services,Destination,420351,372069
2014-04-01,Exploitation agricole ou forestière,Destination,727245,462685
2014-04-01,"Industrie, entrepôts et bureaux",Destination,1136751,617642
2014-04-01,Équipements publics,Destination,411379,344443
2014-04-01,Bureaux,Sous-destination,391436,193180
2014-04-01,Entrepôts,Sous-destination,521596,253503
2014-04-01,Hôtels,Sous-destination,39948,35225
2014-04-01,Industrie,Sous-destination,311446,190199
2014-05-01,Commerce et services,Destination,491937,365421
2014-05-01,Exploitation agricole ou forestière,Destination,746468,401593
2014-05-01,"Industrie, entrepôts et bureaux",Destination,933739,554741
2014-05-01,Équipements publics,Destination,417523,388092
2014-05-01,Bureaux,Sous-destination,291080,209184
2014-05-01,Entrepôts,Sous-destination,456714,170013
2014-05-01,Hôtels,Sous-destination,47111,76435
2014-05-01,Industrie,Sous-destination,246195,150168
2014-06-01,Commerce et services,Destination,612098,341618
2014-06-01,Exploitation agricole ou forestière,Destination,832850,541376
2014-06-01,"Industrie, entrepôts et bureaux",Destination,1154450,788722
2014-06-01,Équipements publics,Destination,504817,432761
2014-06-01,Bureaux,Sous-destination,394165,330006
2014-06-01,Entrepôts,Sous-destination,465761,203673
2014-06-01,Hôtels,Sous-destination,75560,35679
2014-06-01,Industrie,Sous-destination,313609,196651
2014-07-01,Commerce et services,Destination,567857,564921
2014-07-01,Exploitation agricole ou forestière,Destination,819185,517216
2014-07-01,"Industrie, entrepôts et bureaux",Destination,1343469,756118
2014-07-01,Équipements publics,Destination,487254,505512
2014-07-01,Bureaux,Sous-destination,343796,251419
2014-07-01,Entrepôts,Sous-destination,688485,223235
2014-07-01,Hôtels,Sous-destination,84398,39548
2014-07-01,Industrie,Sous-destination,315965,302961
2014-08-01,Commerce et services,Destination,570355,380564
2014-08-01,Exploitation agricole ou forestière,Destination,937484,487899
2014-08-01,"Industrie, entrepôts et bureaux",Destination,932834,802953
2014-08-01,Équipements publics,Destination,459146,299513
2014-08-01,Bureaux,Sous-destination,321864,224499
2014-08-01,Entrepôts,Sous-destination,312322,437257
2014-08-01,Hôtels,Sous-destination,55607,32476
2014-08-01,Industrie,Sous-destination,239105,196822
2014-09-01,Commerce et services,Destination,611201,342287
2014-09-01,Exploitation agricole ou forestière,Destination,843409,521865
2014-09-01,"Industrie, entrepôts et bureaux",Destination,955659,751632
2014-09-01,Équipements publics,Destination,561045,344162
2014-09-01,Bureaux,Sous-destination,301751,273105
2014-09-01,Entrepôts,Sous-destination,333005,259173
2014-09-01,Hôtels,Sous-destination,64597,87432
2014-09-01,Industrie,Sous-destination,243537,205952
2014-10-01,Commerce et services,Destination,466279,368817
2014-10-01,Exploitation agricole ou forestière,Destination,842569,544531
2014-10-01,"Industrie, entrepôts et bureaux",Destination,920560,698191
2014-10-01,Équipements publics,Destination,418930,356579
2014-10-01,Bureaux,Sous-destination,274212,235808
2014-10-01,Entrepôts,Sous-destination,455683,266132
2014-10-01,Hôtels,Sous-destination,59070,49980
2014-10-01,Industrie,Sous-destination,166555,187886
2014-11-01,Commerce et services,Destination,430627,400765
2014-11-01,Exploitation agricole ou forestière,Destination,708697,728391
2014-11-01,"Industrie, entrepôts et bureaux",Destination,935944,791504
2014-11-01,Équipements publics,Destination,353341,343192
2014-11-01,Bureaux,Sous-destination,239777,211042
2014-11-01,Entrepôts,Sous-destination,382021,296090
2014-11-01,Hôtels,Sous-destination,39580,55328
2014-11-01,Industrie,Sous-destination,364984,281510
2014-12-01,Commerce et services,Destination,549538,356128
2014-12-01,Exploitation agricole ou forestière,Destination,772865,500972
2014-12-01,"Industrie, entrepôts et bureaux",Destination,1049385,592619
2014-12-01,Équipements publics,Destination,504382,225611
2014-12-01,Bureaux,Sous-destination,304994,224081
2014-12-01,Entrepôts,Sous-destination,533432,190433
2014-12-01,Hôtels,Sous-destination,75815,67033
2014-12-01,Industrie,Sous-destination,245223,141481
2015-01-01,Commerce et services,Destination,438206,340590
2015-01-01,Exploitation agricole ou forestière,Destination,698482,547882
2015-01-01,"Industrie, entrepôts et bureaux",Destination,807306,842691
2015-01-01,Équipements publics,Destination,415785,356083
2015-01-01,Bureaux,Sous-destination,317124,393905
2015-01-01,Entrepôts,Sous-destination,326478,227791
2015-01-01,Hôtels,Sous-destination,58267,29927
2015-01-01,Industrie,Sous-destination,184819,173202
2015-02-01,Commerce et services,Destination,447489,398802
2015-02-01,Exploitation agricole ou forestière,Destination,837658,383749
2015-02-01,"Industrie, entrepôts et bureaux",Destination,1030687,700461
2015-02-01,Équipements publics,Destination,508851,418100
2015-02-01,Bureaux,Sous-destination,330469,207463
2015-02-01,Entrepôts,Sous-destination,411572,316704
2015-02-01,Hôtels,Sous-destination,55023,24229
2015-02-01,Industrie,Sous-destination,255776,141028
2015-03-01,Commerce et services,Destination,536995,346601
2015-03-01,Exploitation agricole ou forestière,Destination,782303,443972
2015-03-01,"Industrie, entrepôts et bureaux",Destination,1069761,538433
2015-03-01,Équipements publics,Destination,374997,321839
2015-03-01,Bureaux,Sous-destination,367491,212696
2015-03-01,Entrepôts,Sous-destination,437258,184723
2015-03-01,Hôtels,Sous-destination,96332,39700
2015-03-01,Industrie,Sous-destination,310361,127962
2015-04-01,Commerce et services,Destination,541808,255964
2015-04-01,Exploitation agricole ou forestière,Destination,987767,466561
2015-04-01,"Industrie, entrepôts et bureaux",Destination,861820,703175
2015-04-01,Équipements publics,Destination,379351,326590
2015-04-01,Bureaux,Sous-destination,302747,225044
2015-04-01,Entrepôts,Sous-destination,376608,293555
2015-04-01,Hôtels,Sous-destination,95987,28052
2015-04-01,Industrie,Sous-destination,245363,259504
2015-05-01,Commerce et services,Destination,470216,213766
2015-05-01,Exploitation agricole ou forestière,Destination,988414,437482
2015-05-01,"Industrie, entrepôts et bureaux",Destination,1006193,619161
2015-05-01,Équipements publics,Destination,344436,315513
2015-05-01,Bureaux,Sous-destination,307662,222689
2015-05-01,Entrepôts,Sous-destination,476294,228218
2015-05-01,Hôtels,Sous-destination,50347,6184
2015-05-01,Industrie,Sous-destination,271845,159543
2015-06-01,Commerce et services,Destination,521041,392843
2015-06-01,Exploitation agricole ou forestière,Destination,1004100,516911
2015-06-01,"Industrie, entrepôts et bureaux",Destination,1142202,685226
2015-06-01,Équipements publics,Destination,411778,426642
2015-06-01,Bureaux,Sous-destination,332102,234138
2015-06-01,Entrepôts,Sous-destination,460624,185485
2015-06-01,Hôtels,Sous-destination,69884,32337
2015-06-01,Industrie,Sous-destination,317969,220431
2015-07-01,Commerce et services,Destination,553184,319256
2015-07-01,Exploitation agricole ou forestière,Destination,924559,505849
2015-07-01,"Industrie, entrepôts et bureaux",Destination,1246930,742727
2015-07-01,Équipements publics,Destination,374582,385436
2015-07-01,Bureaux,Sous-destination,362701,212860
2015-07-01,Entrepôts,Sous-destination,526913,367975
2015-07-01,Hôtels,Sous-destination,81634,18348
2015-07-01,Industrie,Sous-destination,300364,213369
2015-08-01,Commerce et services,Destination,568145,310534
2015-08-01,Exploitation agricole ou forestière,Destination,941635,435254
2015-08-01,"Industrie, entrepôts et bureaux",Destination,855774,505144
2015-08-01,Équipements publics,Destination,406212,346866
2015-08-01,Bureaux,Sous-destination,397412,219825
2015-08-01,Entrepôts,Sous-destination,228740,223607
2015-08-01,Hôtels,Sous-destination,52601,20950
2015-08-01,Industrie,Sous-destination,202737,118633
2015-09-01,Commerce et services,Destination,565427,361119
2015-09-01,Exploitation agricole ou forestière,Destination,842243,628419
2015-09-01,"Industrie, entrepôts et bureaux",Destination,1130216,728986
2015-09-01,Équipements publics,Destination,519748,358420
2015-09-01,Bureaux,Sous-destination,401397,212796
2015-09-01,Entrepôts,Sous-destination,361357,313522
2015-09-01,Hôtels,Sous-destination,100044,38687
2015-09-01,Industrie,Sous-destination,304614,171458
2015-10-01,Commerce et services,Destination,583834,320397
2015-10-01,Exploitation agricole ou forestière,Destination,941736,456922
2015-10-01,"Industrie, entrepôts et bureaux",Destination,1205606,618141
2015-10-01,Équipements publics,Destination,434411,390156
2015-10-01,Bureaux,Sous-destination,384174,202866
2015-10-01,Entrepôts,Sous-destination,433643,240808
2015-10-01,Hôtels,Sous-destination,113485,21369
2015-10-01,Industrie,Sous-destination,319000,165698
2015-11-01,Commerce et services,Destination,635736,471631
2015-11-01,Exploitation agricole ou forestière,Destination,917886,530152
2015-11-01,"Industrie, entrepôts et bureaux",Destination,995728,748177
2015-11-01,Équipements publics,Destination,457128,397023
2015-11-01,Bureaux,Sous-destination,303411,288804
2015-11-01,Entrepôts,Sous-destination,443567,259143
2015-11-01,Hôtels,Sous-destination,100802,94439
2015-11-01,Industrie,Sous-destination,293197,196011
2015-12-01,Commerce et services,Destination,534811,348043
2015-12-01,Exploitation agricole ou forestière,Destination,891595,448425
2015-12-01,"Industrie, entrepôts et bureaux",Destination,925553,608865
2015-12-01,Équipements publics,Destination,461955,264222
2015-12-01,Bureaux,Sous-destination,286250,200625
2015-12-01,Entrepôts,Sous-destination,495175,252665
2015-12-01,Hôtels,Sous-destination,145646,33240
2015-12-01,Industrie,Sous-destination,182857,184886
2016-01-01,Commerce et services,Destination,697326,451600
2016-01-01,Exploitation agricole ou forestière,Destination,894468,529927
2016-01-01,"Industrie, entrepôts et bureaux",Destination,1090461,1051979
2016-01-01,Équipements publics,Destination,395291,347466
2016-01-01,Bureaux,Sous-destination,319096,411500
2016-01-01,Entrepôts,Sous-destination,547647,365156
2016-01-01,Hôtels,Sous-destination,58636,78565
2016-01-01,Industrie,Sous-destination,282495,205526
2016-02-01,Commerce et services,Destination,664793,328042
2016-02-01,Exploitation agricole ou forestière,Destination,944574,555647
2016-02-01,"Industrie, entrepôts et bureaux",Destination,1041624,642263
2016-02-01,Équipements publics,Destination,451926,313443
2016-02-01,Bureaux,Sous-destination,308551,311949
2016-02-01,Entrepôts,Sous-destination,440208,229945
2016-02-01,Hôtels,Sous-destination,123036,32665
2016-02-01,Industrie,Sous-destination,263239,142456
2016-03-01,Commerce et services,Destination,450817,368692
2016-03-01,Exploitation agricole ou forestière,Destination,949174,599983
2016-03-01,"Industrie, entrepôts et bureaux",Destination,954343,727220
2016-03-01,Équipements publics,Destination,434228,376221
2016-03-01,Bureaux,Sous-destination,329403,242238
2016-03-01,Entrepôts,Sous-destination,409178,278674
2016-03-01,Hôtels,Sous-destination,65599,33369
2016-03-01,Industrie,Sous-destination,244266,185257
2016-04-01,Commerce et services,Destination,570836,430456
2016-04-01,Exploitation agricole ou forestière,Destination,1115158,502902
2016-04-01,"Industrie, entrepôts et bureaux",Destination,1336436,659793
2016-04-01,Équipements publics,Destination,404449,335773
2016-04-01,Bureaux,Sous-destination,601340,265939
2016-04-01,Entrepôts,Sous-destination,546575,238520
2016-04-01,Hôtels,Sous-destination,82146,40694
2016-04-01,Industrie,Sous-destination,316881,195042
2016-05-01,Commerce et services,Destination,566058,349245
2016-05-01,Exploitation agricole ou forestière,Destination,665559,510460
2016-05-01,"Industrie, entrepôts et bureaux",Destination,1033773,989951
2016-05-01,Équipements publics,Destination,488191,331730
2016-05-01,Bureaux,Sous-destination,408494,314527
2016-05-01,Entrepôts,Sous-destination,390768,508942
2016-05-01,Hôtels,Sous-destination,74611,40108
2016-05-01,Industrie,Sous-destination,299335,202483
2016-06-01,Commerce et services,Destination,597138,372683
2016-06-01,Exploitation agricole ou forestière,Destination,717684,558957
2016-06-01,"Industrie, entrepôts et bureaux",Destination,1059277,814461
2016-06-01,Équipements publics,Destination,453620,358092
2016-06-01,Bureaux,Sous-destination,346152,227775
2016-06-01,Entrepôts,Sous-destination,439800,362178
2016-06-01,Hôtels,Sous-destination,133802,57618
2016-06-01,Industrie,Sous-destination,259924,212717
2016-07-01,Commerce et services,Destination,621361,231566
2016-07-01,Exploitation agricole ou forestière,Destination,705048,306285
2016-07-01,"Industrie, entrepôts et bureaux",Destination,1024702,571200
2016-07-01,Équipements publics,Destination,380179,254340
2016-07-01,Bureaux,Sous-destination,257948,219513
2016-07-01,Entrepôts,Sous-destination,508863,184765
2016-07-01,Hôtels,Sous-destination,63922,14389
2016-07-01,Industrie,Sous-destination,224797,169460
2016-08-01,Commerce et services,Destination,926390,453488
2016-08-01,Exploitation agricole ou forestière,Destination,966551,475372
2016-08-01,"Industrie, entrepôts et bureaux",Destination,1319092,694260
2016-08-01,Équipements publics,Destination,582318,345803
2016-08-01,Bureaux,Sous-destination,351686,231174
2016-08-01,Entrepôts,Sous-destination,580258,291130
2016-08-01,Hôtels,Sous-destination,83308,61398
2016-08-01,Industrie,Sous-destination,339794,211344
2016-09-01,Commerce et services,Destination,598085,327597
2016-09-01,Exploitation agricole ou forestière,Destination,812881,526535
2016-09-01,"Industrie, entrepôts et bureaux",Destination,1369580,666470
2016-09-01,Équipements publics,Destination,481950,396213
2016-09-01,Bureaux,Sous-destination,420990,244323
2016-09-01,Entrepôts,Sous-destination,613177,238607
2016-09-01,Hôtels,Sous-destination,81717,38197
2016-09-01,Industrie,Sous-destination,302030,205482
2016-10-01,Commerce et services,Destination,683031,324392
2016-10-01,Exploitation agricole ou forestière,Destination,750582,520287
2016-10-01,"Industrie, entrepôts et bureaux",Destination,1263629,992366
2016-10-01,Équipements publics,Destination,480074,335208
2016-10-01,Bureaux,Sous-destination,318795,220647
2016-10-01,Entrepôts,Sous-destination,631020,599426
2016-10-01,Hôtels,Sous-destination,75213,46486
2016-10-01,Industrie,Sous-destination,272085,147152
2016-11-01,Commerce et services,Destination,524533,291511
2016-11-01,Exploitation agricole ou forestière,Destination,780540,482712
2016-11-01,"Industrie, entrepôts et bureaux",Destination,1260389,709231
2016-11-01,Équipements publics,Destination,468825,338383
2016-11-01,Bureaux,Sous-destination,383066,232997
2016-11-01,Entrepôts,Sous-destination,630459,285071
2016-11-01,Hôtels,Sous-destination,63512,25428
2016-11-01,Industrie,Sous-destination,261639,181833
2016-12-01,Commerce et services,Destination,615605,470332
2016-12-01,Exploitation agricole ou forestière,Destination,757841,547213
2016-12-01,"Industrie, entrepôts et bureaux",Destination,1276789,872739
2016-12-01,Équipements publics,Destination,468152,442198
2016-12-01,Bureaux,Sous-destination,395901,274108
2016-12-01,Entrepôts,Sous-destination,500360,331502
2016-12-01,Hôtels,Sous-destination,104480,91047
2016-12-01,Industrie,Sous-destination,359590,315906
2017-01-01,Commerce et services,Destination,634175,440150
2017-01-01,Exploitation agricole ou forestière,Destination,820682,489547
2017-01-01,"Industrie, entrepôts et bureaux",Destination,1041175,684280
2017-01-01,Équipements publics,Destination,466455,341747
2017-01-01,Bureaux,Sous-destination,337486,264535
2017-01-01,Entrepôts,Sous-destination,504907,199439
2017-01-01,Hôtels,Sous-destination,80913,35240
2017-01-01,Industrie,Sous-destination,273070,194343
2017-02-01,Commerce et services,Destination,501817,383751
2017-02-01,Exploitation agricole ou forestière,Destination,787673,441972
2017-02-01,"Industrie, entrepôts et bureaux",Destination,1150793,727876
2017-02-01,Équipements publics,Destination,381288,368614
2017-02-01,Bureaux,Sous-destination,249913,258662
2017-02-01,Entrepôts,Sous-destination,600387,243448
2017-02-01,Hôtels,Sous-destination,60128,64185
2017-02-01,Industrie,Sous-destination,252189,221715
2017-03-01,Commerce et services,Destination,676635,310730
2017-03-01,Exploitation agricole ou forestière,Destination,892795,562335
2017-03-01,"Industrie, entrepôts et bureaux",Destination,1144097,1047446
2017-03-01,Équipements publics,Destination,529467,274469
2017-03-01,Bureaux,Sous-destination,309371,348078
2017-03-01,Entrepôts,Sous-destination,534589,534349
2017-03-01,Hôtels,Sous-destination,129830,41836
2017-03-01,Industrie,Sous-destination,318271,157109
2017-04-01,Commerce et services,Destination,664351,370731
2017-04-01,Exploitation agricole ou forestière,Destination,723727,523501
2017-04-01,"Industrie, entrepôts et bureaux",Destination,1141839,965727
2017-04-01,Équipements publics,Destination,516724,390857
2017-04-01,Bureaux,Sous-destination,654361,248349
2017-04-01,Entrepôts,Sous-destination,360426,526986
2017-04-01,Hôtels,Sous-destination,162704,68382
2017-04-01,Industrie,Sous-destination,252120,188011
2017-05-01,Commerce et services,Destination,623033,321086
2017-05-01,Exploitation agricole ou forestière,Destination,795148,377537
2017-05-01,"Industrie, entrepôts et bureaux",Destination,1303476,742125
2017-05-01,Équipements publics,Destination,607931,329323
2017-05-01,Bureaux,Sous-destination,458062,266335
2017-05-01,Entrepôts,Sous-destination,576640,287655
2017-05-01,Hôtels,Sous-destination,70318,38991
2017-05-01,Industrie,Sous-destination,331329,179622
2017-06-01,Commerce et services,Destination,878539,374786
2017-06-01,Exploitation agricole ou forestière,Destination,805112,520151
2017-06-01,"Industrie, entrepôts et bureaux",Destination,1222199,890139
2017-06-01,Équipements publics,Destination,426977,389818
2017-06-01,Bureaux,Sous-destination,427033,249627
2017-06-01,Entrepôts,Sous-destination,484726,442909
2017-06-01,Hôtels,Sous-destination,85432,80211
2017-06-01,Industrie,Sous-destination,293219,198734
2017-07-01,Commerce et services,Destination,711089,316231
2017-07-01,Exploitation agricole ou forestière,Destination,836585,318476
2017-07-01,"Industrie, entrepôts et bureaux",Destination,1246433,640291
2017-07-01,Équipements publics,Destination,505868,254238
2017-07-01,Bureaux,Sous-destination,389937,318228
2017-07-01,Entrepôts,Sous-destination,444352,178892
2017-07-01,Hôtels,Sous-destination,102935,34157
2017-07-01,Industrie,Sous-destination,311706,178461
2017-08-01,Commerce et services,Destination,825247,553603
2017-08-01,Exploitation agricole ou forestière,Destination,855801,551329
2017-08-01,"Industrie, entrepôts et bureaux",Destination,1815129,847689
2017-08-01,Équipements publics,Destination,635474,508932
2017-08-01,Bureaux,Sous-destination,434240,315260
2017-08-01,Entrepôts,Sous-destination,755909,383121
2017-08-01,Hôtels,Sous-destination,136237,51674
2017-08-01,Industrie,Sous-destination,625368,211773
2017-09-01,Commerce et services,Destination,668141,447847
2017-09-01,Exploitation agricole ou forestière,Destination,841263,492534
2017-09-01,"Industrie, entrepôts et bureaux",Destination,1494860,1295250
2017-09-01,Équipements publics,Destination,471309,368890
2017-09-01,Bureaux,Sous-destination,419153,279092
2017-09-01,Entrepôts,Sous-destination,759907,742139
2017-09-01,Hôtels,Sous-destination,118172,50293
2017-09-01,Industrie,Sous-destination,306674,203050
2017-10-01,Commerce et services,Destination,695148,388480
2017-10-01,Exploitation agricole ou forestière,Destination,919575,532761
2017-10-01,"Industrie, entrepôts et bureaux",Destination,1472017,944872
2017-10-01,Équipements publics,Destination,546555,316150
2017-10-01,Bureaux,Sous-destination,431615,207853
2017-10-01,Entrepôts,Sous-destination,815469,456834
2017-10-01,Hôtels,Sous-destination,91436,40130
2017-10-01,Industrie,Sous-destination,204577,230812
2017-11-01,Commerce et services,Destination,732634,473684
2017-11-01,Exploitation agricole ou forestière,Destination,759800,465506
2017-11-01,"Industrie, entrepôts et bureaux",Destination,1207772,923570
2017-11-01,Équipements publics,Destination,566149,391382
2017-11-01,Bureaux,Sous-destination,469709,332858
2017-11-01,Entrepôts,Sous-destination,412030,286132
2017-11-01,Hôtels,Sous-destination,152197,56152
2017-11-01,Industrie,Sous-destination,336208,333190
2017-12-01,Commerce et services,Destination,749656,355035
2017-12-01,Exploitation agricole ou forestière,Destination,791578,445993
2017-12-01,"Industrie, entrepôts et bureaux",Destination,1305446,975327
2017-12-01,Équipements publics,Destination,452395,370599
2017-12-01,Bureaux,Sous-destination,426105,292159
2017-12-01,Entrepôts,Sous-destination,462705,422743
2017-12-01,Hôtels,Sous-destination,150875,56350
2017-12-01,Industrie,Sous-destination,377531,257299
2018-01-01,Commerce et services,Destination,540725,385844
2018-01-01,Exploitation agricole ou forestière,Destination,1182689,472393
2018-01-01,"Industrie, entrepôts et bureaux",Destination,1305565,984444
2018-01-01,Équipements publics,Destination,443023,405544
2018-01-01,Bureaux,Sous-destination,541523,291536
2018-01-01,Entrepôts,Sous-destination,553098,407377
2018-01-01,Hôtels,Sous-destination,118201,57345
2018-01-01,Industrie,Sous-destination,314877,191753
2018-02-01,Commerce et services,Destination,595320,423407
2018-02-01,Exploitation agricole ou forestière,Destination,759264,540546
2018-02-01,"Industrie, entrepôts et bureaux",Destination,1293831,1014701
2018-02-01,Équipements publics,Destination,647944,340661
2018-02-01,Bureaux,Sous-destination,564210,392452
2018-02-01,Entrepôts,Sous-destination,346130,317074
2018-02-01,Hôtels,Sous-destination,73406,37924
2018-02-01,Industrie,Sous-destination,412654,311204
2018-03-01,Commerce et services,Destination,639534,377263
2018-03-01,Exploitation agricole ou forestière,Destination,693370,551211
2018-03-01,"Industrie, entrepôts et bureaux",Destination,1657755,895371
2018-03-01,Équipements publics,Destination,611153,511720
2018-03-01,Bureaux,Sous-destination,601208,331961
2018-03-01,Entrepôts,Sous-destination,768218,332223
2018-03-01,Hôtels,Sous-destination,121180,47408
2018-03-01,Industrie,Sous-destination,290440,233393
2018-04-01,Commerce et services,Destination,469372,352902
2018-04-01,Exploitation agricole ou forestière,Destination,669517,338852
2018-04-01,"Industrie, entrepôts et bureaux",Destination,1342047,819131
2018-04-01,Équipements publics,Destination,478430,264067
2018-04-01,Bureaux,Sous-destination,452948,363505
2018-04-01,Entrepôts,Sous-destination,646368,218426
2018-04-01,Hôtels,Sous-destination,84268,66478
2018-04-01,Industrie,Sous-destination,318411,253069
2018-05-01,Commerce et services,Destination,657466,458580
2018-05-01,Exploitation agricole ou forestière,Destination,721483,538656
2018-05-01,"Industrie, entrepôts et bureaux",Destination,1074357,897194
2018-05-01,Équipements publics,Destination,492077,536892
2018-05-01,Bureaux,Sous-destination,384063,337624
2018-05-01,Entrepôts,Sous-destination,463877,353686
2018-05-01,Hôtels,Sous-destination,60630,82334
2018-05-01,Industrie,Sous-destination,258823,229493
2018-06-01,Commerce et services,Destination,559798,471914
2018-06-01,Exploitation agricole ou forestière,Destination,763454,458880
2018-06-01,"Industrie, entrepôts et bureaux",Destination,1319872,799239
2018-06-01,Équipements publics,Destination,478256,334671
2018-06-01,Bureaux,Sous-destination,379248,237025
2018-06-01,Entrepôts,Sous-destination,595087,325996
2018-06-01,Hôtels,Sous-destination,74782,94989
2018-06-01,Industrie,Sous-destination,319082,225195
2018-07-01,Commerce et services,Destination,527255,409868
2018-07-01,Exploitation agricole ou forestière,Destination,797410,694601
2018-07-01,"Industrie, entrepôts et bureaux",Destination,1327119,854841
2018-07-01,Équipements publics,Destination,636961,442852
2018-07-01,Bureaux,Sous-destination,448827,308432
2018-07-01,Entrepôts,Sous-destination,385542,327547
2018-07-01,Hôtels,Sous-destination,119146,34377
2018-07-01,Industrie,Sous-destination,382091,248325
2018-08-01,Commerce et services,Destination,538338,274490
2018-08-01,Exploitation agricole ou forestière,Destination,649745,386016
2018-08-01,"Industrie, entrepôts et bureaux",Destination,1419477,641028
2018-08-01,Équipements publics,Destination,423599,293075
2018-08-01,Bureaux,Sous-destination,429510,244214
2018-08-01,Entrepôts,Sous-destination,680538,324894
2018-08-01,Hôtels,Sous-destination,90740,43573
2018-08-01,Industrie,Sous-destination,320662,133312
2018-09-01,Commerce et services,Destination,664184,316519
2018-09-01,Exploitation agricole ou forestière,Destination,933691,423176
2018-09-01,"Industrie, entrepôts et bureaux",Destination,1388127,770069
2018-09-01,Équipements publics,Destination,471643,336599
2018-09-01,Bureaux,Sous-destination,436188,293741
2018-09-01,Entrepôts,Sous-destination,596211,262627
2018-09-01,Hôtels,Sous-destination,75905,39523
2018-09-01,Industrie,Sous-destination,331183,210898
2018-10-01,Commerce et services,Destination,630718,458244
2018-10-01,Exploitation agricole ou forestière,Destination,717899,627760
2018-10-01,"Industrie, entrepôts et bureaux",Destination,1420253,1092600
2018-10-01,Équipements publics,Destination,544293,401319
2018-10-01,Bureaux,Sous-destination,468804,403078
2018-10-01,Entrepôts,Sous-destination,549910,348817
2018-10-01,Hôtels,Sous-destination,95005,61340
2018-10-01,Industrie,Sous-destination,341371,284502
2018-11-01,Commerce et services,Destination,632661,291940
2018-11-01,Exploitation agricole ou forestière,Destination,729374,583643
2018-11-01,"Industrie, entrepôts et bureaux",Destination,1280279,830182
2018-11-01,Équipements publics,Destination,472206,384571
2018-11-01,Bureaux,Sous-destination,430228,307638
2018-11-01,Entrepôts,Sous-destination,583803,298170
2018-11-01,Hôtels,Sous-destination,131268,23527
2018-11-01,Industrie,Sous-destination,306520,239208
2018-12-01,Commerce et services,Destination,595975,367986
2018-12-01,Exploitation agricole ou forestière,Destination,777746,543571
2018-12-01,"Industrie, entrepôts et bureaux",Destination,1427508,971427
2018-12-01,Équipements publics,Destination,510423,380877
2018-12-01,Bureaux,Sous-destination,435603,370166
2018-12-01,Entrepôts,Sous-destination,615724,400323
2018-12-01,Hôtels,Sous-destination,128718,100179
2018-12-01,Industrie,Sous-destination,339274,210986
2019-01-01,Commerce et services,Destination,611867,420155
2019-01-01,Exploitation agricole ou forestière,Destination,952165,577142
2019-01-01,"Industrie, entrepôts et bureaux",Destination,1688366,1150497
2019-01-01,Équipements publics,Destination,570402,420499
2019-01-01,Bureaux,Sous-destination,501311,406495
2019-01-01,Entrepôts,Sous-destination,958043,422993
2019-01-01,Hôtels,Sous-destination,111578,78339
2019-01-01,Industrie,Sous-destination,358273,257493
2019-02-01,Commerce et services,Destination,555287,377682
2019-02-01,Exploitation agricole ou forestière,Destination,830657,443521
2019-02-01,"Industrie, entrepôts et bureaux",Destination,2138765,892736
2019-02-01,Équipements publics,Destination,464135,376841
2019-02-01,Bureaux,Sous-destination,528861,230368
2019-02-01,Entrepôts,Sous-destination,1043936,471331
2019-02-01,Hôtels,Sous-destination,98109,50595
2019-02-01,Industrie,Sous-destination,408406,208020
2019-03-01,Commerce et services,Destination,539810,422006
2019-03-01,Exploitation agricole ou forestière,Destination,738248,500309
2019-03-01,"Industrie, entrepôts et bureaux",Destination,1567435,1212075
2019-03-01,Équipements publics,Destination,448871,341904
2019-03-01,Bureaux,Sous-destination,429138,307717
2019-03-01,Entrepôts,Sous-destination,833134,571372
2019-03-01,Hôtels,Sous-destination,96315,57479
2019-03-01,Industrie,Sous-destination,310769,264960
2019-04-01,Commerce et services,Destination,562177,339915
2019-04-01,Exploitation agricole ou forestière,Destination,801257,499777
2019-04-01,"Industrie, entrepôts et bureaux",Destination,1676751,889712
2019-04-01,Équipements publics,Destination,468547,281465
2019-04-01,Bureaux,Sous-destination,569249,334170
2019-04-01,Entrepôts,Sous-destination,730864,230094
2019-04-01,Hôtels,Sous-destination,80265,56188
2019-04-01,Industrie,Sous-destination,436310,334460
2019-05-01,Commerce et services,Destination,756588,382914
2019-05-01,Exploitation agricole ou forestière,Destination,968905,588825
2019-05-01,"Industrie, entrepôts et bureaux",Destination,1715334,863158
2019-05-01,Équipements publics,Destination,474878,379417
2019-05-01,Bureaux,Sous-destination,514006,275013
2019-05-01,Entrepôts,Sous-destination,864249,370459
2019-05-01,Hôtels,Sous-destination,114648,67499
2019-05-01,Industrie,Sous-destination,398955,271332
2019-06-01,Commerce et services,Destination,520209,361454
2019-06-01,Exploitation agricole ou forestière,Destination,799746,530749
2019-06-01,"Industrie, entrepôts et bureaux",Destination,1540880,880634
2019-06-01,Équipements publics,Destination,511160,368442
2019-06-01,Bureaux,Sous-destination,485926,322785
2019-06-01,Entrepôts,Sous-destination,779266,332932
2019-06-01,Hôtels,Sous-destination,100640,60381
2019-06-01,Industrie,Sous-destination,287808,206173
2019-07-01,Commerce et services,Destination,667357,529203
2019-07-01,Exploitation agricole ou forestière,Destination,880512,455479
2019-07-01,"Industrie, entrepôts et bureaux",Destination,1666806,1172875
2019-07-01,Équipements publics,Destination,841656,437906
2019-07-01,Bureaux,Sous-destination,527586,387805
2019-07-01,Entrepôts,Sous-destination,706043,592273
2019-07-01,Hôtels,Sous-destination,148584,105469
2019-07-01,Industrie,Sous-destination,307619,242961
2019-08-01,Commerce et services,Destination,617624,350440
2019-08-01,Exploitation agricole ou forestière,Destination,627600,481505
2019-08-01,"Industrie, entrepôts et bureaux",Destination,1118306,782720
2019-08-01,Équipements publics,Destination,364336,327050
2019-08-01,Bureaux,Sous-destination,543890,307915
2019-08-01,Entrepôts,Sous-destination,384112,285193
2019-08-01,Hôtels,Sous-destination,100490,35290
2019-08-01,Industrie,Sous-destination,240609,206193
2019-09-01,Commerce et services,Destination,592817,428343
2019-09-01,Exploitation agricole ou forestière,Destination,738066,642306
2019-09-01,"Industrie, entrepôts et bureaux",Destination,1285599,995402
2019-09-01,Équipements publics,Destination,459001,364708
2019-09-01,Bureaux,Sous-destination,413609,301132
2019-09-01,Entrepôts,Sous-destination,524699,452131
2019-09-01,Hôtels,Sous-destination,115072,60315
2019-09-01,Industrie,Sous-destination,319321,234516
2019-10-01,Commerce et services,Destination,592064,425204
2019-10-01,Exploitation agricole ou forestière,Destination,739482,483343
2019-10-01,"Industrie, entrepôts et bureaux",Destination,1521522,949032
2019-10-01,Équipements publics,Destination,529332,470243
2019-10-01,Bureaux,Sous-destination,453091,341289
2019-10-01,Entrepôts,Sous-destination,693264,340509
2019-10-01,Hôtels,Sous-destination,90817,55798
2019-10-01,Industrie,Sous-destination,337335,209123
2019-11-01,Commerce et services,Destination,596875,423395
2019-11-01,Exploitation agricole ou forestière,Destination,732307,492576
2019-11-01,"Industrie, entrepôts et bureaux",Destination,1560286,1656074
2019-11-01,Équipements publics,Destination,555228,341968
2019-11-01,Bureaux,Sous-destination,562458,416095
2019-11-01,Entrepôts,Sous-destination,727052,1066720
2019-11-01,Hôtels,Sous-destination,88998,90569
2019-11-01,Industrie,Sous-destination,335264,204901
2019-12-01,Commerce et services,Destination,566999,289323
2019-12-01,Exploitation agricole ou forestière,Destination,817299,464181
2019-12-01,"Industrie, entrepôts et bureaux",Destination,1560658,1022759
2019-12-01,Équipements publics,Destination,491419,322528
2019-12-01,Bureaux,Sous-destination,437938,307052
2019-12-01,Entrepôts,Sous-destination,796246,428915
2019-12-01,Hôtels,Sous-destination,109674,52695
2019-12-01,Industrie,Sous-destination,326436,301009
2020-01-01,Commerce et services,Destination,541000,351081
2020-01-01,Exploitation agricole ou forestière,Destination,721859,653175
2020-01-01,"Industrie, entrepôts et bureaux",Destination,1407809,1046821
2020-01-01,Équipements publics,Destination,485743,394012
2020-01-01,Bureaux,Sous-destination,533153,309857
2020-01-01,Entrepôts,Sous-destination,602012,436629
2020-01-01,Hôtels,Sous-destination,65594,53262
2020-01-01,Industrie,Sous-destination,353179,237964
2020-02-01,Commerce et services,Destination,660987,365943
2020-02-01,Exploitation agricole ou forestière,Destination,776609,538342
2020-02-01,"Industrie, entrepôts et bureaux",Destination,1515178,1110511
2020-02-01,Équipements publics,Destination,607823,401389
2020-02-01,Bureaux,Sous-destination,504816,271051
2020-02-01,Entrepôts,Sous-destination,582229,498422
2020-02-01,Hôtels,Sous-destination,129954,94107
2020-02-01,Industrie,Sous-destination,360569,412990
2020-03-01,Commerce et services,Destination,451213,198217
2020-03-01,Exploitation agricole ou forestière,Destination,601126,195717
2020-03-01,"Industrie, entrepôts et bureaux",Destination,836415,477188
2020-03-01,Équipements publics,Destination,562895,258076
2020-03-01,Bureaux,Sous-destination,296252,184976
2020-03-01,Entrepôts,Sous-destination,355737,163084
2020-03-01,Hôtels,Sous-destination,87907,23025
2020-03-01,Industrie,Sous-destination,159293,105115
2020-04-01,Commerce et services,Destination,277736,108659
2020-04-01,Exploitation agricole ou forestière,Destination,520802,244494
2020-04-01,"Industrie, entrepôts et bureaux",Destination,751196,608772
2020-04-01,Équipements publics,Destination,284976,121301
2020-04-01,Bureaux,Sous-destination,216660,136022
2020-04-01,Entrepôts,Sous-destination,372213,401543
2020-04-01,Hôtels,Sous-destination,39126,16391
2020-04-01,Industrie,Sous-destination,152734,109106
2020-05-01,Commerce et services,Destination,458160,210906
2020-05-01,Exploitation agricole ou forestière,Destination,526337,361643
2020-05-01,"Industrie, entrepôts et bureaux",Destination,744007,515011
2020-05-01,Équipements publics,Destination,312428,246467
2020-05-01,Bureaux,Sous-destination,278981,190159
2020-05-01,Entrepôts,Sous-destination,331930,192285
2020-05-01,Hôtels,Sous-destination,98839,30193
2020-05-01,Industrie,Sous-destination,179079,129300
2020-06-01,Commerce et services,Destination,465225,299110
2020-06-01,Exploitation agricole ou forestière,Destination,610502,585395
2020-06-01,"Industrie, entrepôts et bureaux",Destination,1482835,923241
2020-06-01,Équipements publics,Destination,374693,550508
2020-06-01,Bureaux,Sous-destination,502253,262755
2020-06-01,Entrepôts,Sous-destination,674541,406629
2020-06-01,Hôtels,Sous-destination,77466,58903
2020-06-01,Industrie,Sous-destination,328279,246708
2020-07-01,Commerce et services,Destination,567377,410114
2020-07-01,Exploitation agricole ou forestière,Destination,791179,525825
2020-07-01,"Industrie, entrepôts et bureaux",Destination,1234252,807315
2020-07-01,Équipements publics,Destination,523302,281069
2020-07-01,Bureaux,Sous-destination,315589,222315
2020-07-01,Entrepôts,Sous-destination,589263,517574
2020-07-01,Hôtels,Sous-destination,73299,53360
2020-07-01,Industrie,Sous-destination,273615,140445
2020-08-01,Commerce et services,Destination,492025,319138
2020-08-01,Exploitation agricole ou forestière,Destination,814105,461644
2020-08-01,"Industrie, entrepôts et bureaux",Destination,1164314,947577
2020-08-01,Équipements publics,Destination,430306,319669
2020-08-01,Bureaux,Sous-destination,335135,316924
2020-08-01,Entrepôts,Sous-destination,520616,474820
2020-08-01,Hôtels,Sous-destination,75940,35458
2020-08-01,Industrie,Sous-destination,351953,195471
2020-09-01,Commerce et services,Destination,521364,311451
2020-09-01,Exploitation agricole ou forestière,Destination,716009,438266
2020-09-01,"Industrie, entrepôts et bureaux",Destination,1621862,882942
2020-09-01,Équipements publics,Destination,412044,286933
2020-09-01,Bureaux,Sous-destination,387106,273535
2020-09-01,Entrepôts,Sous-destination,870173,456057
2020-09-01,Hôtels,Sous-destination,91149,48449
2020-09-01,Industrie,Sous-destination,340528,149306
2020-10-01,Commerce et services,Destination,560904,370563
2020-10-01,Exploitation agricole ou forestière,Destination,777494,612461
2020-10-01,"Industrie, entrepôts et bureaux",Destination,1229662,1067484
2020-10-01,Équipements publics,Destination,378675,372512
2020-10-01,Bureaux,Sous-destination,482721,334414
2020-10-01,Entrepôts,Sous-destination,469807,434311
2020-10-01,Hôtels,Sous-destination,125216,44514
2020-10-01,Industrie,Sous-destination,254275,227467
2020-11-01,Commerce et services,Destination,472775,356206
2020-11-01,Exploitation agricole ou forestière,Destination,772909,517164
2020-11-01,"Industrie, entrepôts et bureaux",Destination,1350219,1032430
2020-11-01,Équipements publics,Destination,451790,340557
2020-11-01,Bureaux,Sous-destination,526704,230655
2020-11-01,Entrepôts,Sous-destination,581084,686871
2020-11-01,Hôtels,Sous-destination,51349,43976
2020-11-01,Industrie,Sous-destination,309363,170057
2020-12-01,Commerce et services,Destination,494956,368219
2020-12-01,Exploitation agricole ou forestière,Destination,579188,442430
2020-12-01,"Industrie, entrepôts et bureaux",Destination,1407441,989302
2020-12-01,Équipements publics,Destination,438382,351554
2020-12-01,Bureaux,Sous-destination,485215,330526
2020-12-01,Entrepôts,Sous-destination,593077,454815
2020-12-01,Hôtels,Sous-destination,90894,129317
2020-12-01,Industrie,Sous-destination,294204,224641
2021-01-01,Commerce et services,Destination,513026,291330
2021-01-01,Exploitation agricole ou forestière,Destination,585151,427462
2021-01-01,"Industrie, entrepôts et bureaux",Destination,1227550,522639
2021-01-01,Équipements publics,Destination,425247,302294
2021-01-01,Bureaux,Sous-destination,338415,207521
2021-01-01,Entrepôts,Sous-destination,626943,136128
2021-01-01,Hôtels,Sous-destination,71416,38171
2021-01-01,Industrie,Sous-destination,311324,164472
2021-02-01,Commerce et services,Destination,493642,349135
2021-02-01,Exploitation agricole ou forestière,Destination,545356,456642
2021-02-01,"Industrie, entrepôts et bureaux",Destination,1355083,862783
2021-02-01,Équipements publics,Destination,374974,289951
2021-02-01,Bureaux,Sous-destination,329437,368042
2021-02-01,Entrepôts,Sous-destination,679879,296807
2021-02-01,Hôtels,Sous-destination,68724,37470
2021-02-01,Industrie,Sous-destination,233089,211483
2021-03-01,Commerce et services,Destination,447512,364482
2021-03-01,Exploitation agricole ou forestière,Destination,568329,484835
2021-03-01,"Industrie, entrepôts et bureaux",Destination,1422619,826488
2021-03-01,Équipements publics,Destination,492017,277892
2021-03-01,Bureaux,Sous-destination,362789,272838
2021-03-01,Entrepôts,Sous-destination,705120,329669
2021-03-01,Hôtels,Sous-destination,32412,45091
2021-03-01,Industrie,Sous-destination,302149,183562
2021-04-01,Commerce et services,Destination,477690,427545
2021-04-01,Exploitation agricole ou forestière,Destination,704434,458801
2021-04-01,"Industrie, entrepôts et bureaux",Destination,1157427,817969
2021-04-01,Équipements publics,Destination,544332,399576
2021-04-01,Bureaux,Sous-destination,363226,289192
2021-04-01,Entrepôts,Sous-destination,544926,349361
2021-04-01,Hôtels,Sous-destination,108399,43476
2021-04-01,Industrie,Sous-destination,226921,197576
2021-05-01,Commerce et services,Destination,541268,383747
2021-05-01,Exploitation agricole ou forestière,Destination,688368,374611
2021-05-01,"Industrie, entrepôts et bureaux",Destination,1515495,1191819
2021-05-01,Équipements publics,Destination,436274,331096
2021-05-01,Bureaux,Sous-destination,500665,437239
2021-05-01,Entrepôts,Sous-destination,740641,534040
2021-05-01,Hôtels,Sous-destination,82141,96050
2021-05-01,Industrie,Sous-destination,398197,266215
2021-06-01,Commerce et services,Destination,550717,288687
2021-06-01,Exploitation agricole ou forestière,Destination,782633,365057
2021-06-01,"Industrie, entrepôts et bureaux",Destination,1355743,828153
2021-06-01,Équipements publics,Destination,496181,338700
2021-06-01,Bureaux,Sous-destination,357644,311762
2021-06-01,Entrepôts,Sous-destination,651655,285487
2021-06-01,Hôtels,Sous-destination,84465,43542
2021-06-01,Industrie,Sous-destination,349469,235472
2021-07-01,Commerce et services,Destination,534743,342198
2021-07-01,Exploitation agricole ou forestière,Destination,733515,394890
2021-07-01,"Industrie, entrepôts et bureaux",Destination,1487350,726564
2021-07-01,Équipements publics,Destination,426709,348336
2021-07-01,Bureaux,Sous-destination,394721,232502
2021-07-01,Entrepôts,Sous-destination,789083,348838
2021-07-01,Hôtels,Sous-destination,108355,45635
2021-07-01,Industrie,Sous-destination,275540,171952
2021-08-01,Commerce et services,Destination,528148,406926
2021-08-01,Exploitation agricole ou forestière,Destination,728942,313998
2021-08-01,"Industrie, entrepôts et bureaux",Destination,1730962,1351146
2021-08-01,Équipements publics,Destination,508543,369007
2021-08-01,Bureaux,Sous-destination,374277,364661
2021-08-01,Entrepôts,Sous-destination,1056482,783727
2021-08-01,Hôtels,Sous-destination,75741,63434
2021-08-01,Industrie,Sous-destination,354742,266846
2021-09-01,Commerce et services,Destination,558149,346061
2021-09-01,Exploitation agricole ou forestière,Destination,831576,458026
2021-09-01,"Industrie, entrepôts et bureaux",Destination,1454336,1036926
2021-09-01,Équipements publics,Destination,530687,388151
2021-09-01,Bureaux,Sous-destination,413799,355817
2021-09-01,Entrepôts,Sous-destination,708018,478643
2021-09-01,Hôtels,Sous-destination,89408,63024
2021-09-01,Industrie,Sous-destination,329982,244565
2021-10-01,Commerce et services,Destination,503451,419008
2021-10-01,Exploitation agricole ou forestière,Destination,750616,249362
2021-10-01,"Industrie, entrepôts et bureaux",Destination,1384861,1108545
2021-10-01,Équipements publics,Destination,433544,317368
2021-10-01,Bureaux,Sous-destination,330390,297945
2021-10-01,Entrepôts,Sous-destination,591381,454465
2021-10-01,Hôtels,Sous-destination,81778,97631
2021-10-01,Industrie,Sous-destination,442326,247621
2021-11-01,Commerce et services,Destination,565889,368129
2021-11-01,Exploitation agricole ou forestière,Destination,779222,359340
2021-11-01,"Industrie, entrepôts et bureaux",Destination,1505780,1025644
2021-11-01,Équipements publics,Destination,357279,359936
2021-11-01,Bureaux,Sous-destination,338237,323374
2021-11-01,Entrepôts,Sous-destination,836737,411993
2021-11-01,Hôtels,Sous-destination,82799,39279
2021-11-01,Industrie,Sous-destination,400010,294697
2021-12-01,Commerce et services,Destination,543626,366309
2021-12-01,Exploitation agricole ou forestière,Destination,512048,453778
2021-12-01,"Industrie, entrepôts et bureaux",Destination,1474465,1016227
2021-12-01,Équipements publics,Destination,542057,320897
2021-12-01,Bureaux,Sous-destination,468109,229063
2021-12-01,Entrepôts,Sous-destination,672530,653035
2021-12-01,Hôtels,Sous-destination,99625,50202
2021-12-01,Industrie,Sous-destination,313211,214540
2022-01-01,Commerce et services,Destination,612120,301190
2022-01-01,Exploitation agricole ou forestière,Destination,525292,425912
2022-01-01,"Industrie, entrepôts et bureaux",Destination,1416197,1431037
2022-01-01,Équipements publics,Destination,346532,331847
2022-01-01,Bureaux,Sous-destination,375223,252837
2022-01-01,Entrepôts,Sous-destination,723889,724182
2022-01-01,Hôtels,Sous-destination,91755,31771
2022-01-01,Industrie,Sous-destination,330099,316151
2022-02-01,Commerce et services,Destination,601707,396929
2022-02-01,Exploitation agricole ou forestière,Destination,585313,265714
2022-02-01,"Industrie, entrepôts et bureaux",Destination,1397500,1110231
2022-02-01,Équipements publics,Destination,401615,349801
2022-02-01,Bureaux,Sous-destination,312532,267209
2022-02-01,Entrepôts,Sous-destination,586929,589104
2022-02-01,Hôtels,Sous-destination,68478,49738
2022-02-01,Industrie,Sous-destination,403884,259985
2022-03-01,Commerce et services,Destination,703077,355555
2022-03-01,Exploitation agricole ou forestière,Destination,636484,396361
2022-03-01,"Industrie, entrepôts et bureaux",Destination,1570426,902890
2022-03-01,Équipements publics,Destination,515924,539282
2022-03-01,Bureaux,Sous-destination,380510,275160
2022-03-01,Entrepôts,Sous-destination,673822,351828
2022-03-01,Hôtels,Sous-destination,115905,39784
2022-03-01,Industrie,Sous-destination,393563,255737
2022-04-01,Commerce et services,Destination,592627,594633
2022-04-01,Exploitation agricole ou forestière,Destination,704886,578684
2022-04-01,"Industrie, entrepôts et bureaux",Destination,1867212,1407419
2022-04-01,Équipements publics,Destination,414092,417798
2022-04-01,Bureaux,Sous-destination,628203,322395
2022-04-01,Entrepôts,Sous-destination,795056,659006
2022-04-01,Hôtels,Sous-destination,73668,75064
2022-04-01,Industrie,Sous-destination,425722,381848
2022-05-01,Commerce et services,Destination,554953,425260
2022-05-01,Exploitation agricole ou forestière,Destination,649867,415711
2022-05-01,"Industrie, entrepôts et bureaux",Destination,1471960,1215510
2022-05-01,Équipements publics,Destination,587372,286589
2022-05-01,Bureaux,Sous-destination,490402,287359
2022-05-01,Entrepôts,Sous-destination,742151,772365
2022-05-01,Hôtels,Sous-destination,95609,58327
2022-05-01,Industrie,Sous-destination,362833,235048
2022-06-01,Commerce et services,Destination,615448,437886
2022-06-01,Exploitation agricole ou forestière,Destination,533027,364320
2022-06-01,"Industrie, entrepôts et bureaux",Destination,1466245,1052261
2022-06-01,Équipements publics,Destination,413094,288906
2022-06-01,Bureaux,Sous-destination,476413,292828
2022-06-01,Entrepôts,Sous-destination,603985,585758
2022-06-01,Hôtels,Sous-destination,100521,65202
2022-06-01,Industrie,Sous-destination,368486,200479
2022-07-01,Commerce et services,Destination,563024,310947
2022-07-01,Exploitation agricole ou forestière,Destination,538098,281903
2022-07-01,"Industrie, entrepôts et bureaux",Destination,1526656,929337
2022-07-01,Équipements publics,Destination,378336,201476
2022-07-01,Bureaux,Sous-destination,337572,309087
2022-07-01,Entrepôts,Sous-destination,770292,370088
2022-07-01,Hôtels,Sous-destination,79985,50900
2022-07-01,Industrie,Sous-destination,421392,240032
2022-08-01,Commerce et services,Destination,651816,325566
2022-08-01,Exploitation agricole ou forestière,Destination,537621,357326
2022-08-01,"Industrie, entrepôts et bureaux",Destination,1540012,1021702
2022-08-01,Équipements publics,Destination,542075,341115
2022-08-01,Bureaux,Sous-destination,708744,317874
2022-08-01,Entrepôts,Sous-destination,600167,531003
2022-08-01,Hôtels,Sous-destination,102070,38468
2022-08-01,Industrie,Sous-destination,378243,228572
2022-09-01,Commerce et services,Destination,602385,379911
2022-09-01,Exploitation agricole ou forestière,Destination,646418,251616
2022-09-01,"Industrie, entrepôts et bureaux",Destination,1540793,981205
2022-09-01,Équipements publics,Destination,535575,313775
2022-09-01,Bureaux,Sous-destination,437977,282555
2022-09-01,Entrepôts,Sous-destination,774109,486688
2022-09-01,Hôtels,Sous-destination,109523,83356
2022-09-01,Industrie,Sous-destination,359493,247280
2022-10-01,Commerce et services,Destination,686817,356621
2022-10-01,Exploitation agricole ou forestière,Destination,653143,294142
2022-10-01,"Industrie, entrepôts et bureaux",Destination,1700179,903077
2022-10-01,Équipements publics,Destination,572312,436494
2022-10-01,Bureaux,Sous-destination,412382,253856
2022-10-01,Entrepôts,Sous-destination,984483,387329
2022-10-01,Hôtels,Sous-destination,134124,44140
2022-10-01,Industrie,Sous-destination,342019,183216
2022-11-01,Commerce et services,Destination,632593,350289
2022-11-01,Exploitation agricole ou forestière,Destination,654475,348364
2022-11-01,"Industrie, entrepôts et bureaux",Destination,1989846,905809
2022-11-01,Équipements publics,Destination,533401,328550
2022-11-01,Bureaux,Sous-destination,425018,236336
2022-11-01,Entrepôts,Sous-destination,1142658,410173
2022-11-01,Hôtels,Sous-destination,103442,40132
2022-11-01,Industrie,Sous-destination,443166,291488
2022-12-01,Commerce et services,Destination,499287,407776
2022-12-01,Exploitation agricole ou forestière,Destination,634617,354762
2022-12-01,"Industrie, entrepôts et bureaux",Destination,1439145,877049
2022-12-01,Équipements publics,Destination,513248,382353
2022-12-01,Bureaux,Sous-destination,369338,318019
2022-12-01,Entrepôts,Sous-destination,657655,304958
2022-12-01,Hôtels,Sous-destination,76228,82816
2022-12-01,Industrie,Sous-destination,405036,260945
2023-01-01,Commerce et services,Destination,560438,379971
2023-01-01,Exploitation agricole ou forestière,Destination,646529,331325
2023-01-01,"Industrie, entrepôts et bureaux",Destination,1448524,846377
2023-01-01,Équipements publics,Destination,601047,367694
2023-01-01,Bureaux,Sous-destination,430973,240584
2023-01-01,Entrepôts,Sous-destination,700356,354846
2023-01-01,Hôtels,Sous-destination,81776,71858
2023-01-01,Industrie,Sous-destination,333125,216570
2023-02-01,Commerce et services,Destination,631013,294015
2023-02-01,Exploitation agricole ou forestière,Destination,536658,338383
2023-02-01,"Industrie, entrepôts et bureaux",Destination,1412930,856586
2023-02-01,Équipements publics,Destination,499288,390412
2023-02-01,Bureaux,Sous-destination,344431,267959
2023-02-01,Entrepôts,Sous-destination,569981,397121
2023-02-01,Hôtels,Sous-destination,81312,31425
2023-02-01,Industrie,Sous-destination,400928,189615
2023-03-01,Commerce et services,Destination,523861,377118
2023-03-01,Exploitation agricole ou forestière,Destination,519991,342012
2023-03-01,"Industrie, entrepôts et bureaux",Destination,1524543,971966
2023-03-01,Équipements publics,Destination,504545,352167
2023-03-01,Bureaux,Sous-destination,401083,263262
2023-03-01,Entrepôts,Sous-destination,570907,433850
2023-03-01,Hôtels,Sous-destination,82033,81677
2023-03-01,Industrie,Sous-destination,422898,251788
2023-04-01,Commerce et services,Destination,568985,241723
2023-04-01,Exploitation agricole ou forestière,Destination,492421,356644
2023-04-01,"Industrie, entrepôts et bureaux",Destination,1475734,943616
2023-04-01,Équipements publics,Destination,452208,314479
2023-04-01,Bureaux,Sous-destination,348344,289359
2023-04-01,Entrepôts,Sous-destination,757196,402252
2023-04-01,Hôtels,Sous-destination,56102,20804
2023-04-01,Industrie,Sous-destination,378861,236654
2023-05-01,Commerce et services,Destination,607998,258927
2023-05-01,Exploitation agricole ou forestière,Destination,456816,260355
2023-05-01,"Industrie, entrepôts et bureaux",Destination,1605833,645912
2023-05-01,Équipements publics,Destination,566420,316971
2023-05-01,Bureaux,Sous-destination,373270,212547
2023-05-01,Entrepôts,Sous-destination,825213,257488
2023-05-01,Hôtels,Sous-destination,92916,63640
2023-05-01,Industrie,Sous-destination,566619,187809
2023-06-01,Commerce et services,Destination,554609,416483
2023-06-01,Exploitation agricole ou forestière,Destination,485533,301222
2023-06-01,"Industrie, entrepôts et bureaux",Destination,1583701,904192
2023-06-01,Équipements publics,Destination,503622,353443
2023-06-01,Bureaux,Sous-destination,371942,276216
2023-06-01,Entrepôts,Sous-destination,795368,391970
2023-06-01,Hôtels,Sous-destination,56085,86424
2023-06-01,Industrie,Sous-destination,385283,258607
2023-07-01,Commerce et services,Destination,566394,263100
2023-07-01,Exploitation agricole ou forestière,Destination,554498,276330
2023-07-01,"Industrie, entrepôts et bureaux",Destination,1723260,815262
2023-07-01,Équipements publics,Destination,461811,292562
2023-07-01,Bureaux,Sous-destination,352671,261659
2023-07-01,Entrepôts,Sous-destination,835288,283865
2023-07-01,Hôtels,Sous-destination,87481,25363
2023-07-01,Industrie,Sous-destination,532479,300619
2023-08-01,Commerce et services,Destination,498044,371697
2023-08-01,Exploitation agricole ou forestière,Destination,561942,296102
2023-08-01,"Industrie, entrepôts et bureaux",Destination,1306271,779666
2023-08-01,Équipements publics,Destination,379971,296036
2023-08-01,Bureaux,Sous-destination,376360,252265
2023-08-01,Entrepôts,Sous-destination,733296,407334
2023-08-01,Hôtels,Sous-destination,109779,36484
2023-08-01,Industrie,Sous-destination,328447,190332
2023-09-01,Commerce et services,Destination,584718,289295
2023-09-01,Exploitation agricole ou forestière,Destination,715548,301935
2023-09-01,"Industrie, entrepôts et bureaux",Destination,1376937,899462
2023-09-01,Équipements publics,Destination,482954,287041
2023-09-01,Bureaux,Sous-destination,323874,221053
2023-09-01,Entrepôts,Sous-destination,723319,383243
2023-09-01,Hôtels,Sous-destination,117755,72464
2023-09-01,Industrie,Sous-destination,329973,280481
2023-10-01,Commerce et services,Destination,552689,308901
2023-10-01,Exploitation agricole ou forestière,Destination,764989,299161
2023-10-01,"Industrie, entrepôts et bureaux",Destination,1323250,1034719
2023-10-01,Équipements publics,Destination,549853,300315
2023-10-01,Bureaux,Sous-destination,333552,255957
2023-10-01,Entrepôts,Sous-destination,683301,422005
2023-10-01,Hôtels,Sous-destination,73604,25757
2023-10-01,Industrie,Sous-destination,355634,261892
2023-11-01,Commerce et services,Destination,547060,285362
2023-11-01,Exploitation agricole ou forestière,Destination,479735,286699
2023-11-01,"Industrie, entrepôts et bureaux",Destination,1254819,1078387
2023-11-01,Équipements publics,Destination,490388,474165
2023-11-01,Bureaux,Sous-destination,292113,259226
2023-11-01,Entrepôts,Sous-destination,657978,653342
2023-11-01,Hôtels,Sous-destination,69318,30877
2023-11-01,Industrie,Sous-destination,306852,211668
2023-12-01,Commerce et services,Destination,581397,234647
2023-12-01,Exploitation agricole ou forestière,Destination,607335,276485
2023-12-01,"Industrie, entrepôts et bureaux",Destination,1481365,720068
2023-12-01,Équipements publics,Destination,419041,269493
2023-12-01,Bureaux,Sous-destination,337442,195065
2023-12-01,Entrepôts,Sous-destination,808861,292046
2023-12-01,Hôtels,Sous-destination,72984,14776
2023-12-01,Industrie,Sous-destination,349136,212350
2024-01-01,Commerce et services,Destination,516163,315320
2024-01-01,Exploitation agricole ou forestière,Destination,474674,253255
2024-01-01,"Industrie, entrepôts et bureaux",Destination,1497560,692307
2024-01-01,Équipements publics,Destination,450010,296423
2024-01-01,Bureaux,Sous-destination,299457,242155
2024-01-01,Entrepôts,Sous-destination,837564,235670
2024-01-01,Hôtels,Sous-destination,44227,49308
2024-01-01,Industrie,Sous-destination,366951,195627
2024-02-01,Commerce et services,Destination,573572,338161
2024-02-01,Exploitation agricole ou forestière,Destination,589230,370766
2024-02-01,"Industrie, entrepôts et bureaux",Destination,1362059,1057261
2024-02-01,Équipements publics,Destination,587152,318410
2024-02-01,Bureaux,Sous-destination,367690,215446
2024-02-01,Entrepôts,Sous-destination,643719,617557
2024-02-01,Hôtels,Sous-destination,124666,35255
2024-02-01,Industrie,Sous-destination,288142,296300
2024-03-01,Commerce et services,Destination,596899,281732
2024-03-01,Exploitation agricole ou forestière,Destination,617028,318967
2024-03-01,"Industrie, entrepôts et bureaux",Destination,1423630,761375
2024-03-01,Équipements publics,Destination,493125,342099
2024-03-01,Bureaux,Sous-destination,376238,243952
2024-03-01,Entrepôts,Sous-destination,604441,318712
2024-03-01,Hôtels,Sous-destination,97433,19595
2024-03-01,Industrie,Sous-destination,325346,158833
2024-04-01,Commerce et services,Destination,552623,256679
2024-04-01,Exploitation agricole ou forestière,Destination,617801,280467
2024-04-01,"Industrie, entrepôts et bureaux",Destination,1231159,657048
2024-04-01,Équipements publics,Destination,490973,317733
2024-04-01,Bureaux,Sous-destination,297453,152626
2024-04-01,Entrepôts,Sous-destination,597584,291424
2024-04-01,Hôtels,Sous-destination,65096,30599
2024-04-01,Industrie,Sous-destination,346152,218304
2024-05-01,Commerce et services,Destination,523642,271456
2024-05-01,Exploitation agricole ou forestière,Destination,591174,257836
2024-05-01,"Industrie, entrepôts et bureaux",Destination,1292783,741167
2024-05-01,Équipements publics,Destination,550273,358824
2024-05-01,Bureaux,Sous-destination,375588,203541
2024-05-01,Entrepôts,Sous-destination,701403,246205
2024-05-01,Hôtels,Sous-destination,91797,33079
2024-05-01,Industrie,Sous-destination,296826,345087
2024-06-01,Commerce et services,Destination,580500,253478
2024-06-01,Exploitation agricole ou forestière,Destination,668037,289996
2024-06-01,"Industrie, entrepôts et bureaux",Destination,1272002,727491
2024-06-01,Équipements publics,Destination,588661,332959
2024-06-01,Bureaux,Sous-destination,331436,195806
2024-06-01,Entrepôts,Sous-destination,578012,315196
2024-06-01,Hôtels,Sous-destination,87609,38351
2024-06-01,Industrie,Sous-destination,318771,185675
2024-07-01,Commerce et services,Destination,602305,371092
2024-07-01,Exploitation agricole ou forestière,Destination,644277,270869
2024-07-01,"Industrie, entrepôts et bureaux",Destination,1365080,801359
2024-07-01,Équipements publics,Destination,545093,353423
2024-07-01,Bureaux,Sous-destination,304613,195855
2024-07-01,Entrepôts,Sous-destination,686687,359938
2024-07-01,Hôtels,Sous-destination,117987,57687
2024-07-01,Industrie,Sous-destination,376831,275299
2024-08-01,Commerce et services,Destination,490182,234971
2024-08-01,Exploitation agricole ou forestière,Destination,560826,260604
2024-08-01,"Industrie, entrepôts et bureaux",Destination,1688711,569233
2024-08-01,Équipements publics,Destination,436139,238812
2024-08-01,Bureaux,Sous-destination,303501,180740
2024-08-01,Entrepôts,Sous-destination,946077,232577
2024-08-01,Hôtels,Sous-destination,91727,12077
2024-08-01,Industrie,Sous-destination,577559,212648
2024-09-01,Commerce et services,Destination,565626,274122
2024-09-01,Exploitation agricole ou forestière,Destination,574954,287463
2024-09-01,"Industrie, entrepôts et bureaux",Destination,1458358,716733
2024-09-01,Équipements publics,Destination,439787,346860
2024-09-01,Bureaux,Sous-destination,338355,169936
2024-09-01,Entrepôts,Sous-destination,673645,253422
2024-09-01,Hôtels,Sous-destination,130078,44518
2024-09-01,Industrie,Sous-destination,456276,289639
2024-10-01,Commerce et services,Destination,509048,283172
2024-10-01,Exploitation agricole ou forestière,Destination,628874,324163
2024-10-01,"Industrie, entrepôts et bureaux",Destination,1432062,792130
2024-10-01,Équipements publics,Destination,457796,316313
2024-10-01,Bureaux,Sous-destination,419077,189645
2024-10-01,Entrepôts,Sous-destination,621311,362385
2024-10-01,Hôtels,Sous-destination,78391,44238
2024-10-01,Industrie,Sous-destination,402729,183978
2024-11-01,Commerce et services,Destination,501945,295911
2024-11-01,Exploitation agricole ou forestière,Destination,710615,188678
2024-11-01,"Industrie, entrepôts et bureaux",Destination,1350103,712350
2024-11-01,Équipements publics,Destination,462390,301186
2024-11-01,Bureaux,Sous-destination,292184,274356
2024-11-01,Entrepôts,Sous-destination,707459,245483
2024-11-01,Hôtels,Sous-destination,74145,43289
2024-11-01,Industrie,Sous-destination,335460,205039
2024-12-01,Commerce et services,Destination,561865,305885
2024-12-01,Exploitation agricole ou forestière,Destination,675388,314159
2024-12-01,"Industrie, entrepôts et bureaux",Destination,2201303,624495
2024-12-01,Équipements publics,Destination,525645,264880
2024-12-01,Bureaux,Sous-destination,269715,164772
2024-12-01,Entrepôts,Sous-destination,831021,355972
2024-12-01,Hôtels,Sous-destination,58450,39621
2024-12-01,Industrie,Sous-destination,1154173,98141
2025-01-01,Commerce et services,Destination,547883,362011
2025-01-01,Exploitation agricole ou forestière,Destination,892063,375096
2025-01-01,"Industrie, entrepôts et bureaux",Destination,1469283,906365
2025-01-01,Équipements publics,Destination,539219,370228
2025-01-01,Bureaux,Sous-destination,313794,216940
2025-01-01,Entrepôts,Sous-destination,678286,416388
2025-01-01,Hôtels,Sous-destination,70341,67254
2025-01-01,Industrie,Sous-destination,452566,245883
2025-02-01,Commerce et services,Destination,543950,284134
2025-02-01,Exploitation agricole ou forestière,Destination,795490,298537
2025-02-01,"Industrie, entrepôts et bureaux",Destination,1624608,726415
2025-02-01,Équipements publics,Destination,505004,293704
2025-02-01,Bureaux,Sous-destination,294319,187777
2025-02-01,Entrepôts,Sous-destination,827147,295244
2025-02-01,Hôtels,Sous-destination,93553,33467
2025-02-01,Industrie,Sous-destination,384330,230652
2025-03-01,Commerce et services,Destination,551797,312810
2025-03-01,Exploitation agricole ou forestière,Destination,590078,268309
2025-03-01,"Industrie, entrepôts et bureaux",Destination,1340588,790428
2025-03-01,Équipements publics,Destination,540685,305299
2025-03-01,Bureaux,Sous-destination,247784,197528
2025-03-01,Entrepôts,Sous-destination,745180,326111
2025-03-01,Hôtels,Sous-destination,77591,29684
2025-03-01,Industrie,Sous-destination,251353,227976
2025-04-01,Commerce et services,Destination,567275,330187
2025-04-01,Exploitation agricole ou forestière,Destination,697775,342685
2025-04-01,"Industrie, entrepôts et bureaux",Destination,1286920,651567
2025-04-01,Équipements publics,Destination,545516,263611
2025-04-01,Bureaux,Sous-destination,326619,162790
2025-04-01,Entrepôts,Sous-destination,588493,315893
2025-04-01,Hôtels,Sous-destination,128846,69270
2025-04-01,Industrie,Sous-destination,406079,167712
2025-05-01,Commerce et services,Destination,519670,280453
2025-05-01,Exploitation agricole ou forestière,Destination,693717,281451
2025-05-01,"Industrie, entrepôts et bureaux",Destination,1233258,776105
2025-05-01,Équipements publics,Destination,478981,279367
2025-05-01,Bureaux,Sous-destination,259784,225516
2025-05-01,Entrepôts,Sous-destination,647973,356021
2025-05-01,Hôtels,Sous-destination,64433,38260
2025-05-01,Industrie,Sous-destination,371975,227346
2025-06-01,Commerce et services,Destination,506752,329107
2025-06-01,Exploitation agricole ou forestière,Destination,726087,324512
2025-06-01,"Industrie, entrepôts et bureaux",Destination,1257367,658597
2025-06-01,Équipements publics,Destination,507691,302557
2025-06-01,Bureaux,Sous-destination,239070,182984
2025-06-01,Entrepôts,Sous-destination,559883,197244
2025-06-01,Hôtels,Sous-destination,63054,57340
2025-06-01,Industrie,Sous-destination,407645,229646
2025-07-01,Commerce et services,Destination,581347,324498
2025-07-01,Exploitation agricole ou forestière,Destination,765349,346207
2025-07-01,"Industrie, entrepôts et bureaux",Destination,1225205,806559
2025-07-01,Équipements publics,Destination,633697,272434
2025-07-01,Bureaux,Sous-destination,294357,191289
2025-07-01,Entrepôts,Sous-destination,590654,474227
2025-07-01,Hôtels,Sous-destination,137065,52978
2025-07-01,Industrie,Sous-destination,328568,191339
2025-08-01,Commerce et services,Destination,573602,276379
2025-08-01,Exploitation agricole ou forestière,Destination,686094,321897
2025-08-01,"Industrie, entrepôts et bureaux",Destination,1134900,779345
2025-08-01,Équipements publics,Destination,544669,301994
2025-08-01,Bureaux,Sous-destination,272259,186374
2025-08-01,Entrepôts,Sous-destination,572348,483336
2025-08-01,Hôtels,Sous-destination,56042,19516
2025-08-01,Industrie,Sous-destination,365783,171401
2025-09-01,Commerce et services,Destination,614157,361895
2025-09-01,Exploitation agricole ou forestière,Destination,699752,407669
2025-09-01,"Industrie, entrepôts et bureaux",Destination,1229294,738897
2025-09-01,Équipements publics,Destination,755391,422776
2025-09-01,Bureaux,Sous-destination,228541,245240
2025-09-01,Entrepôts,Sous-destination,646579,354378
2025-09-01,Hôtels,Sous-destination,71545,41439
2025-09-01,Industrie,Sous-destination,317901,153065
2025-10-01,Commerce et services,Destination,546138,358313
2025-10-01,Exploitation agricole ou forestière,Destination,795179,352659
2025-10-01,"Industrie, entrepôts et bureaux",Destination,1393458,672973
2025-10-01,Équipements publics,Destination,498391,362061
2025-10-01,Bureaux,Sous-destination,249417,143857
2025-10-01,Entrepôts,Sous-destination,631093,289374
2025-10-01,Hôtels,Sous-destination,72635,40611
2025-10-01,Industrie,Sous-destination,531037,201639
2025-11-01,Commerce et services,Destination,562312,339103
2025-11-01,Exploitation agricole ou forestière,Destination,710899,387309
2025-11-01,"Industrie, entrepôts et bureaux",Destination,1197984,711742
2025-11-01,Équipements publics,Destination,479330,318648
2025-11-01,Bureaux,Sous-destination,263318,160982
2025-11-01,Entrepôts,Sous-destination,529740,405322
2025-11-01,Hôtels,Sous-destination,93313,43849
2025-11-01,Industrie,Sous-destination,404825,160010
2025-12-01,Commerce et services,Destination,614976,345219
2025-12-01,Exploitation agricole ou forestière,Destination,689178,284878
2025-12-01,"Industrie, entrepôts et bureaux",Destination,1074153,822830
2025-12-01,Équipements publics,Destination,577442,405079
2025-12-01,Bureaux,Sous-destination,261099,244524
2025-12-01,Entrepôts,Sous-destination,476629,356063
2025-12-01,Hôtels,Sous-destination,142167,51871
2025-12-01,Industrie,Sous-destination,371491,166340
2026-01-01,Commerce et services,Destination,528770,329724
2026-01-01,Exploitation agricole ou forestière,Destination,760458,344161
2026-01-01,"Industrie, entrepôts et bureaux",Destination,1006972,728672
2026-01-01,Équipements publics,Destination,402014,426116
2026-01-01,Bureaux,Sous-destination,268279,174951
2026-01-01,Entrepôts,Sous-destination,485448,309424
2026-01-01,Hôtels,Sous-destination,43082,37782
2026-01-01,Industrie,Sous-destination,249208,197498
2026-02-01,Commerce et services,Destination,609462,283556
2026-02-01,Exploitation agricole ou forestière,Destination,688560,207596
2026-02-01,"Industrie, entrepôts et bureaux",Destination,1468492,669446
2026-02-01,Équipements publics,Destination,458976,335337
2026-02-01,Bureaux,Sous-destination,301591,184487
2026-02-01,Entrepôts,Sous-destination,672470,328561
2026-02-01,Hôtels,Sous-destination,67550,34367
2026-02-01,Industrie,Sous-destination,504327,152557
2026-03-01,Commerce et services,Destination,713336,348491
2026-03-01,Exploitation agricole ou forestière,Destination,808774,374873
2026-03-01,"Industrie, entrepôts et bureaux",Destination,1437813,769465
2026-03-01,Équipements publics,Destination,324475,392231
2026-03-01,Bureaux,Sous-destination,286423,177551
2026-03-01,Entrepôts,Sous-destination,616542,367424
2026-03-01,Hôtels,Sous-destination,82920,37420
2026-03-01,Industrie,Sous-destination,419616,202568
2026-04-01,Commerce et services,Destination,434126,372561
2026-04-01,Exploitation agricole ou forestière,Destination,632167,284382
2026-04-01,"Industrie, entrepôts et bureaux",Destination,1374039,795197
2026-04-01,Équipements publics,Destination,537436,389193
2026-04-01,Bureaux,Sous-destination,271836,222330
2026-04-01,Entrepôts,Sous-destination,697312,387831
2026-04-01,Hôtels,Sous-destination,37202,91169
2026-04-01,Industrie,Sous-destination,459792,205405
2026-05-01,Commerce et services,Destination,522098,279099
2026-05-01,Exploitation agricole ou forestière,Destination,763913,295102
2026-05-01,"Industrie, entrepôts et bureaux",Destination,1136579,659903
2026-05-01,Équipements publics,Destination,264368,259300
2026-05-01,Bureaux,Sous-destination,222665,159606
2026-05-01,Entrepôts,Sous-destination,506702,343223
2026-05-01,Hôtels,Sous-destination,35390,48176
2026-05-01,Industrie,Sous-destination,426233,198084
2026-06-01,Commerce et services,Destination,529260,286672
2026-06-01,Exploitation agricole ou forestière,Destination,604705,387925
2026-06-01,"Industrie, entrepôts et bureaux",Destination,1220524,752509
2026-06-01,Équipements publics,Destination,359767,351265
2026-06-01,Bureaux,Sous-destination,250670,155491
2026-06-01,Entrepôts,Sous-destination,608674,346713
2026-06-01,Hôtels,Sous-destination,104762,32959
2026-06-01,Industrie,Sous-destination,325534,182356
2026-07-01,Commerce et services,Destination,520202,294227
2026-07-01,Exploitation agricole ou forestière,Destination,728611,394506
2026-07-01,"Industrie, entrepôts et bureaux",Destination,1271184,632770
2026-07-01,Équipements publics,Destination,299025,362499
2026-07-01,Bureaux,Sous-destination,247642,148565
2026-07-01,Entrepôts,Sous-destination,569276,348118
2026-07-01,Hôtels,Sous-destination,91079,34992
2026-07-01,Industrie,Sous-destination,447760,199906
2026-08-01,Commerce et services,Destination,379447,240809
2026-08-01,Exploitation agricole ou forestière,Destination,815561,292199
2026-08-01,"Industrie, entrepôts et bureaux",Destination,1255467,640479
2026-08-01,Équipements publics,Destination,374438,334041
2026-08-01,Bureaux,Sous-destination,228611,118485
2026-08-01,Entrepôts,Sous-destination,656887,249006
2026-08-01,Hôtels,Sous-destination,34647,25838
2026-08-01,Industrie,Sous-destination,453751,356482
