Date,Region,Department,Product,Sales_Units
2001-01-01,France,France,Fermetures & Menuiseries,100654
2001-01-01,France,France,Équipements Extérieurs,16647
2001-01-01,France,France,Sécurité & Domotique,8989
2001-02-01,France,France,Fermetures & Menuiseries,100484
2001-02-01,France,France,Équipements Extérieurs,16523
2001-02-01,France,France,Sécurité & Domotique,8813
2001-03-01,France,France,Fermetures & Menuiseries,97391
2001-03-01,France,France,Équipements Extérieurs,16006
2001-03-01,France,France,Sécurité & Domotique,8766
2001-04-01,France,France,Fermetures & Menuiseries,98344
2001-04-01,France,France,Équipements Extérieurs,16154
2001-04-01,France,France,Sécurité & Domotique,8766
2001-05-01,France,France,Fermetures & Menuiseries,98454
2001-05-01,France,France,Équipements Extérieurs,16055
2001-05-01,France,France,Sécurité & Domotique,8515
2001-06-01,France,France,Fermetures & Menuiseries,92805
2001-06-01,France,France,Équipements Extérieurs,15090
2001-06-01,France,France,Sécurité & Domotique,8922
2001-07-01,France,France,Fermetures & Menuiseries,95969
2001-07-01,France,France,Équipements Extérieurs,15704
2001-07-01,France,France,Sécurité & Domotique,9153
2001-08-01,France,France,Fermetures & Menuiseries,90829
2001-08-01,France,France,Équipements Extérieurs,15056
2001-08-01,France,France,Sécurité & Domotique,8575
2001-09-01,France,France,Fermetures & Menuiseries,95403
2001-09-01,France,France,Équipements Extérieurs,15451
2001-09-01,France,France,Sécurité & Domotique,8629
2001-10-01,France,France,Fermetures & Menuiseries,95425
2001-10-01,France,France,Équipements Extérieurs,14941
2001-10-01,France,France,Sécurité & Domotique,8801
2001-11-01,France,France,Fermetures & Menuiseries,98190
2001-11-01,France,France,Équipements Extérieurs,15356
2001-11-01,France,France,Sécurité & Domotique,8857
2001-12-01,France,France,Fermetures & Menuiseries,96598
2001-12-01,France,France,Équipements Extérieurs,15725
2001-12-01,France,France,Sécurité & Domotique,8615
2002-01-01,France,France,Fermetures & Menuiseries,93727
2002-01-01,France,France,Équipements Extérieurs,14504
2002-01-01,France,France,Sécurité & Domotique,8594
2002-02-01,France,France,Fermetures & Menuiseries,95605
2002-02-01,France,France,Équipements Extérieurs,15235
2002-02-01,France,France,Sécurité & Domotique,8894
2002-03-01,France,France,Fermetures & Menuiseries,93898
2002-03-01,France,France,Équipements Extérieurs,15444
2002-03-01,France,France,Sécurité & Domotique,8204
2002-04-01,France,France,Fermetures & Menuiseries,94019
2002-04-01,France,France,Équipements Extérieurs,15185
2002-04-01,France,France,Sécurité & Domotique,10631
2002-05-01,France,France,Fermetures & Menuiseries,94888
2002-05-01,France,France,Équipements Extérieurs,14648
2002-05-01,France,France,Sécurité & Domotique,8804
2002-06-01,France,France,Fermetures & Menuiseries,96163
2002-06-01,France,France,Équipements Extérieurs,15715
2002-06-01,France,France,Sécurité & Domotique,8862
2002-07-01,France,France,Fermetures & Menuiseries,94711
2002-07-01,France,France,Équipements Extérieurs,15381
2002-07-01,France,France,Sécurité & Domotique,9412
2002-08-01,France,France,Fermetures & Menuiseries,93875
2002-08-01,France,France,Équipements Extérieurs,15078
2002-08-01,France,France,Sécurité & Domotique,9175
2002-09-01,France,France,Fermetures & Menuiseries,91941
2002-09-01,France,France,Équipements Extérieurs,14694
2002-09-01,France,France,Sécurité & Domotique,9358
2002-10-01,France,France,Fermetures & Menuiseries,89838
2002-10-01,France,France,Équipements Extérieurs,15285
2002-10-01,France,France,Sécurité & Domotique,9851
2002-11-01,France,France,Fermetures & Menuiseries,94007
2002-11-01,France,France,Équipements Extérieurs,15468
2002-11-01,France,France,Sécurité & Domotique,7972
2002-12-01,France,France,Fermetures & Menuiseries,90522
2002-12-01,France,France,Équipements Extérieurs,14773
2002-12-01,France,France,Sécurité & Domotique,9527
2003-01-01,France,France,Fermetures & Menuiseries,95303
2003-01-01,France,France,Équipements Extérieurs,15139
2003-01-01,France,France,Sécurité & Domotique,8696
2003-02-01,France,France,Fermetures & Menuiseries,92434
2003-02-01,France,France,Équipements Extérieurs,14877
2003-02-01,France,France,Sécurité & Domotique,9040
2003-03-01,France,France,Fermetures & Menuiseries,94761
2003-03-01,France,France,Équipements Extérieurs,15320
2003-03-01,France,France,Sécurité & Domotique,8336
2003-04-01,France,France,Fermetures & Menuiseries,99256
2003-04-01,France,France,Équipements Extérieurs,16064
2003-04-01,France,France,Sécurité & Domotique,9476
2003-05-01,France,France,Fermetures & Menuiseries,94881
2003-05-01,France,France,Équipements Extérieurs,15330
2003-05-01,France,France,Sécurité & Domotique,8443
2003-06-01,France,France,Fermetures & Menuiseries,93008
2003-06-01,France,France,Équipements Extérieurs,15039
2003-06-01,France,France,Sécurité & Domotique,9082
2003-07-01,France,France,Fermetures & Menuiseries,92422
2003-07-01,France,France,Équipements Extérieurs,15078
2003-07-01,France,France,Sécurité & Domotique,9439
2003-08-01,France,France,Fermetures & Menuiseries,91792
2003-08-01,France,France,Équipements Extérieurs,15111
2003-08-01,France,France,Sécurité & Domotique,7967
2003-09-01,France,France,Fermetures & Menuiseries,93537
2003-09-01,France,France,Équipements Extérieurs,15437
2003-09-01,France,France,Sécurité & Domotique,10421
2003-10-01,France,France,Fermetures & Menuiseries,96236
2003-10-01,France,France,Équipements Extérieurs,15202
2003-10-01,France,France,Sécurité & Domotique,9255
2003-11-01,France,France,Fermetures & Menuiseries,92511
2003-11-01,France,France,Équipements Extérieurs,15259
2003-11-01,France,France,Sécurité & Domotique,8827
2003-12-01,France,France,Fermetures & Menuiseries,92564
2003-12-01,France,France,Équipements Extérieurs,15242
2003-12-01,France,France,Sécurité & Domotique,10094
2004-01-01,France,France,Fermetures & Menuiseries,94088
2004-01-01,France,France,Équipements Extérieurs,15169
2004-01-01,France,France,Sécurité & Domotique,8956
2004-02-01,France,France,Fermetures & Menuiseries,88532
2004-02-01,France,France,Équipements Extérieurs,14822
2004-02-01,France,France,Sécurité & Domotique,9592
2004-03-01,France,France,Fermetures & Menuiseries,93993
2004-03-01,France,France,Équipements Extérieurs,14940
2004-03-01,France,France,Sécurité & Domotique,9093
2004-04-01,France,France,Fermetures & Menuiseries,97195
2004-04-01,France,France,Équipements Extérieurs,15779
2004-04-01,France,France,Sécurité & Domotique,9610
2004-05-01,France,France,Fermetures & Menuiseries,94876
2004-05-01,France,France,Équipements Extérieurs,14996
2004-05-01,France,France,Sécurité & Domotique,9140
2004-06-01,France,France,Fermetures & Menuiseries,96890
2004-06-01,France,France,Équipements Extérieurs,15837
2004-06-01,France,France,Sécurité & Domotique,10138
2004-07-01,France,France,Fermetures & Menuiseries,98602
2004-07-01,France,France,Équipements Extérieurs,16286
2004-07-01,France,France,Sécurité & Domotique,9359
2004-08-01,France,France,Fermetures & Menuiseries,99928
2004-08-01,France,France,Équipements Extérieurs,15834
2004-08-01,France,France,Sécurité & Domotique,9233
2004-09-01,France,France,Fermetures & Menuiseries,100824
2004-09-01,France,France,Équipements Extérieurs,16463
2004-09-01,France,France,Sécurité & Domotique,9996
2004-10-01,France,France,Fermetures & Menuiseries,102313
2004-10-01,France,France,Équipements Extérieurs,16295
2004-10-01,France,France,Sécurité & Domotique,8435
2004-11-01,France,France,Fermetures & Menuiseries,105382
2004-11-01,France,France,Équipements Extérieurs,16792
2004-11-01,France,France,Sécurité & Domotique,8905
2004-12-01,France,France,Fermetures & Menuiseries,102453
2004-12-01,France,France,Équipements Extérieurs,16494
2004-12-01,France,France,Sécurité & Domotique,9976
2005-01-01,France,France,Fermetures & Menuiseries,107014
2005-01-01,France,France,Équipements Extérieurs,17140
2005-01-01,France,France,Sécurité & Domotique,8852
2005-02-01,France,France,Fermetures & Menuiseries,104250
2005-02-01,France,France,Équipements Extérieurs,16875
2005-02-01,France,France,Sécurité & Domotique,9039
2005-03-01,France,France,Fermetures & Menuiseries,104901
2005-03-01,France,France,Équipements Extérieurs,16587
2005-03-01,France,France,Sécurité & Domotique,8963
2005-04-01,France,France,Fermetures & Menuiseries,104580
2005-04-01,France,France,Équipements Extérieurs,16748
2005-04-01,France,France,Sécurité & Domotique,9557
2005-05-01,France,France,Fermetures & Menuiseries,105952
2005-05-01,France,France,Équipements Extérieurs,16586
2005-05-01,France,France,Sécurité & Domotique,8741
2005-06-01,France,France,Fermetures & Menuiseries,106048
2005-06-01,France,France,Équipements Extérieurs,16543
2005-06-01,France,France,Sécurité & Domotique,9377
2005-07-01,France,France,Fermetures & Menuiseries,104187
2005-07-01,France,France,Équipements Extérieurs,16132
2005-07-01,France,France,Sécurité & Domotique,8692
2005-08-01,France,France,Fermetures & Menuiseries,108675
2005-08-01,France,France,Équipements Extérieurs,16822
2005-08-01,France,France,Sécurité & Domotique,9719
2005-09-01,France,France,Fermetures & Menuiseries,105805
2005-09-01,France,France,Équipements Extérieurs,16423
2005-09-01,France,France,Sécurité & Domotique,10482
2005-10-01,France,France,Fermetures & Menuiseries,113478
2005-10-01,France,France,Équipements Extérieurs,17362
2005-10-01,France,France,Sécurité & Domotique,8448
2005-11-01,France,France,Fermetures & Menuiseries,110067
2005-11-01,France,France,Équipements Extérieurs,16854
2005-11-01,France,France,Sécurité & Domotique,9102
2005-12-01,France,France,Fermetures & Menuiseries,110146
2005-12-01,France,France,Équipements Extérieurs,16464
2005-12-01,France,France,Sécurité & Domotique,10844
2006-01-01,France,France,Fermetures & Menuiseries,116094
2006-01-01,France,France,Équipements Extérieurs,17518
2006-01-01,France,France,Sécurité & Domotique,9485
2006-02-01,France,France,Fermetures & Menuiseries,113685
2006-02-01,France,France,Équipements Extérieurs,17196
2006-02-01,France,France,Sécurité & Domotique,9122
2006-03-01,France,France,Fermetures & Menuiseries,113539
2006-03-01,France,France,Équipements Extérieurs,16804
2006-03-01,France,France,Sécurité & Domotique,9290
2006-04-01,France,France,Fermetures & Menuiseries,115461
2006-04-01,France,France,Équipements Extérieurs,17482
2006-04-01,France,France,Sécurité & Domotique,9871
2006-05-01,France,France,Fermetures & Menuiseries,114506
2006-05-01,France,France,Équipements Extérieurs,16952
2006-05-01,France,France,Sécurité & Domotique,9254
2006-06-01,France,France,Fermetures & Menuiseries,118810
2006-06-01,France,France,Équipements Extérieurs,17542
2006-06-01,France,France,Sécurité & Domotique,9370
2006-07-01,France,France,Fermetures & Menuiseries,118275
2006-07-01,France,France,Équipements Extérieurs,17546
2006-07-01,France,France,Sécurité & Domotique,8811
2006-08-01,France,France,Fermetures & Menuiseries,113981
2006-08-01,France,France,Équipements Extérieurs,17292
2006-08-01,France,France,Sécurité & Domotique,9430
2006-09-01,France,France,Fermetures & Menuiseries,116184
2006-09-01,France,France,Équipements Extérieurs,17470
2006-09-01,France,France,Sécurité & Domotique,10043
2006-10-01,France,France,Fermetures & Menuiseries,115821
2006-10-01,France,France,Équipements Extérieurs,17198
2006-10-01,France,France,Sécurité & Domotique,9630
2006-11-01,France,France,Fermetures & Menuiseries,121554
2006-11-01,France,France,Équipements Extérieurs,18909
2006-11-01,France,France,Sécurité & Domotique,9050
2006-12-01,France,France,Fermetures & Menuiseries,124518
2006-12-01,France,France,Équipements Extérieurs,17651
2006-12-01,France,France,Sécurité & Domotique,9731
2007-01-01,France,France,Fermetures & Menuiseries,120183
2007-01-01,France,France,Équipements Extérieurs,18059
2007-01-01,France,France,Sécurité & Domotique,9362
2007-02-01,France,France,Fermetures & Menuiseries,121284
2007-02-01,France,France,Équipements Extérieurs,18047
2007-02-01,France,France,Sécurité & Domotique,8246
2007-03-01,France,France,Fermetures & Menuiseries,124650
2007-03-01,France,France,Équipements Extérieurs,18192
2007-03-01,France,France,Sécurité & Domotique,8765
2007-04-01,France,France,Fermetures & Menuiseries,120938
2007-04-01,France,France,Équipements Extérieurs,18094
2007-04-01,France,France,Sécurité & Domotique,9364
2007-05-01,France,France,Fermetures & Menuiseries,122452
2007-05-01,France,France,Équipements Extérieurs,18022
2007-05-01,France,France,Sécurité & Domotique,8953
2007-06-01,France,France,Fermetures & Menuiseries,131077
2007-06-01,France,France,Équipements Extérieurs,18111
2007-06-01,France,France,Sécurité & Domotique,9209
2007-07-01,France,France,Fermetures & Menuiseries,123915
2007-07-01,France,France,Équipements Extérieurs,17808
2007-07-01,France,France,Sécurité & Domotique,9294
2007-08-01,France,France,Fermetures & Menuiseries,121892
2007-08-01,France,France,Équipements Extérieurs,17069
2007-08-01,France,France,Sécurité & Domotique,9510
2007-09-01,France,France,Fermetures & Menuiseries,126164
2007-09-01,France,France,Équipements Extérieurs,17632
2007-09-01,France,France,Sécurité & Domotique,9320
2007-10-01,France,France,Fermetures & Menuiseries,128095
2007-10-01,France,France,Équipements Extérieurs,17932
2007-10-01,France,France,Sécurité & Domotique,9633
2007-11-01,France,France,Fermetures & Menuiseries,120402
2007-11-01,France,France,Équipements Extérieurs,17279
2007-11-01,France,France,Sécurité & Domotique,8973
2007-12-01,France,France,Fermetures & Menuiseries,121487
2007-12-01,France,France,Équipements Extérieurs,16465
2007-12-01,France,France,Sécurité & Domotique,8923
2008-01-01,France,France,Fermetures & Menuiseries,117578
2008-01-01,France,France,Équipements Extérieurs,16392
2008-01-01,France,France,Sécurité & Domotique,8916
2008-02-01,France,France,Fermetures & Menuiseries,121111
2008-02-01,France,France,Équipements Extérieurs,17513
2008-02-01,France,France,Sécurité & Domotique,8238
2008-03-01,France,France,Fermetures & Menuiseries,121040
2008-03-01,France,France,Équipements Extérieurs,18154
2008-03-01,France,France,Sécurité & Domotique,7354
2008-04-01,France,France,Fermetures & Menuiseries,120604
2008-04-01,France,France,Équipements Extérieurs,16630
2008-04-01,France,France,Sécurité & Domotique,9735
2008-05-01,France,France,Fermetures & Menuiseries,129492
2008-05-01,France,France,Équipements Extérieurs,17959
2008-05-01,France,France,Sécurité & Domotique,8706
2008-06-01,France,France,Fermetures & Menuiseries,125711
2008-06-01,France,France,Équipements Extérieurs,17661
2008-06-01,France,France,Sécurité & Domotique,8166
2008-07-01,France,France,Fermetures & Menuiseries,122675
2008-07-01,France,France,Équipements Extérieurs,17447
2008-07-01,France,France,Sécurité & Domotique,8732
2008-08-01,France,France,Fermetures & Menuiseries,126454
2008-08-01,France,France,Équipements Extérieurs,17889
2008-08-01,France,France,Sécurité & Domotique,7272
2008-09-01,France,France,Fermetures & Menuiseries,128253
2008-09-01,France,France,Équipements Extérieurs,18073
2008-09-01,France,France,Sécurité & Domotique,8513
2008-10-01,France,France,Fermetures & Menuiseries,120671
2008-10-01,France,France,Équipements Extérieurs,17424
2008-10-01,France,France,Sécurité & Domotique,8032
2008-11-01,France,France,Fermetures & Menuiseries,104850
2008-11-01,France,France,Équipements Extérieurs,13796
2008-11-01,France,France,Sécurité & Domotique,6646
2008-12-01,France,France,Fermetures & Menuiseries,116829
2008-12-01,France,France,Équipements Extérieurs,16250
2008-12-01,France,France,Sécurité & Domotique,7897
2009-01-01,France,France,Fermetures & Menuiseries,113653
2009-01-01,France,France,Équipements Extérieurs,15999
2009-01-01,France,France,Sécurité & Domotique,7018
2009-02-01,France,France,Fermetures & Menuiseries,111733
2009-02-01,France,France,Équipements Extérieurs,15552
2009-02-01,France,France,Sécurité & Domotique,6509
2009-03-01,France,France,Fermetures & Menuiseries,104167
2009-03-01,France,France,Équipements Extérieurs,15108
2009-03-01,France,France,Sécurité & Domotique,5559
2009-04-01,France,France,Fermetures & Menuiseries,107855
2009-04-01,France,France,Équipements Extérieurs,15262
2009-04-01,France,France,Sécurité & Domotique,6825
2009-05-01,France,France,Fermetures & Menuiseries,101040
2009-05-01,France,France,Équipements Extérieurs,14387
2009-05-01,France,France,Sécurité & Domotique,6129
2009-06-01,France,France,Fermetures & Menuiseries,100885
2009-06-01,France,France,Équipements Extérieurs,14031
2009-06-01,France,France,Sécurité & Domotique,6963
2009-07-01,France,France,Fermetures & Menuiseries,101950
2009-07-01,France,France,Équipements Extérieurs,13666
2009-07-01,France,France,Sécurité & Domotique,6809
2009-08-01,France,France,Fermetures & Menuiseries,105531
2009-08-01,France,France,Équipements Extérieurs,14093
2009-08-01,France,France,Sécurité & Domotique,6559
2009-09-01,France,France,Fermetures & Menuiseries,99791
2009-09-01,France,France,Équipements Extérieurs,13276
2009-09-01,France,France,Sécurité & Domotique,7921
2009-10-01,France,France,Fermetures & Menuiseries,93833
2009-10-01,France,France,Équipements Extérieurs,13040
2009-10-01,France,France,Sécurité & Domotique,6997
2009-11-01,France,France,Fermetures & Menuiseries,90565
2009-11-01,France,France,Équipements Extérieurs,12126
2009-11-01,France,France,Sécurité & Domotique,6719
2009-12-01,France,France,Fermetures & Menuiseries,85995
2009-12-01,France,France,Équipements Extérieurs,11991
2009-12-01,France,France,Sécurité & Domotique,9038
2010-01-01,France,France,Fermetures & Menuiseries,76707
2010-01-01,France,France,Équipements Extérieurs,10664
2010-01-01,France,France,Sécurité & Domotique,8491
2010-02-01,France,France,Fermetures & Menuiseries,71938
2010-02-01,France,France,Équipements Extérieurs,9913
2010-02-01,France,France,Sécurité & Domotique,7545
2010-03-01,France,France,Fermetures & Menuiseries,75246
2010-03-01,France,France,Équipements Extérieurs,10355
2010-03-01,France,France,Sécurité & Domotique,8635
2010-04-01,France,France,Fermetures & Menuiseries,81582
2010-04-01,France,France,Équipements Extérieurs,11159
2010-04-01,France,France,Sécurité & Domotique,8710
2010-05-01,France,France,Fermetures & Menuiseries,76194
2010-05-01,France,France,Équipements Extérieurs,11100
2010-05-01,France,France,Sécurité & Domotique,8222
2010-06-01,France,France,Fermetures & Menuiseries,76154
2010-06-01,France,France,Équipements Extérieurs,11201
2010-06-01,France,France,Sécurité & Domotique,8068
2010-07-01,France,France,Fermetures & Menuiseries,79949
2010-07-01,France,France,Équipements Extérieurs,11508
2010-07-01,France,France,Sécurité & Domotique,8765
2010-08-01,France,France,Fermetures & Menuiseries,76084
2010-08-01,France,France,Équipements Extérieurs,11431
2010-08-01,France,France,Sécurité & Domotique,7978
2010-09-01,France,France,Fermetures & Menuiseries,78482
2010-09-01,France,France,Équipements Extérieurs,11788
2010-09-01,France,France,Sécurité & Domotique,9642
2010-10-01,France,France,Fermetures & Menuiseries,82288
2010-10-01,France,France,Équipements Extérieurs,12483
2010-10-01,France,France,Sécurité & Domotique,8108
2010-11-01,France,France,Fermetures & Menuiseries,78676
2010-11-01,France,France,Équipements Extérieurs,12317
2010-11-01,France,France,Sécurité & Domotique,8256
2010-12-01,France,France,Fermetures & Menuiseries,79262
2010-12-01,France,France,Équipements Extérieurs,12576
2010-12-01,France,France,Sécurité & Domotique,9774
2011-01-01,France,France,Fermetures & Menuiseries,86237
2011-01-01,France,France,Équipements Extérieurs,13098
2011-01-01,France,France,Sécurité & Domotique,9678
2011-02-01,France,France,Fermetures & Menuiseries,82494
2011-02-01,France,France,Équipements Extérieurs,12882
2011-02-01,France,France,Sécurité & Domotique,9259
2011-03-01,France,France,Fermetures & Menuiseries,88156
2011-03-01,France,France,Équipements Extérieurs,13469
2011-03-01,France,France,Sécurité & Domotique,8999
2011-04-01,France,France,Fermetures & Menuiseries,91607
2011-04-01,France,France,Équipements Extérieurs,13525
2011-04-01,France,France,Sécurité & Domotique,9559
2011-05-01,France,France,Fermetures & Menuiseries,91389
2011-05-01,France,France,Équipements Extérieurs,14097
2011-05-01,France,France,Sécurité & Domotique,10010
2011-06-01,France,France,Fermetures & Menuiseries,93486
2011-06-01,France,France,Équipements Extérieurs,14719
2011-06-01,France,France,Sécurité & Domotique,8536
2011-07-01,France,France,Fermetures & Menuiseries,99836
2011-07-01,France,France,Équipements Extérieurs,15370
2011-07-01,France,France,Sécurité & Domotique,8452
2011-08-01,France,France,Fermetures & Menuiseries,99395
2011-08-01,France,France,Équipements Extérieurs,14278
2011-08-01,France,France,Sécurité & Domotique,9234
2011-09-01,France,France,Fermetures & Menuiseries,97307
2011-09-01,France,France,Équipements Extérieurs,13515
2011-09-01,France,France,Sécurité & Domotique,10488
2011-10-01,France,France,Fermetures & Menuiseries,96750
2011-10-01,France,France,Équipements Extérieurs,13984
2011-10-01,France,France,Sécurité & Domotique,8504
2011-11-01,France,France,Fermetures & Menuiseries,96853
2011-11-01,France,France,Équipements Extérieurs,14066
2011-11-01,France,France,Sécurité & Domotique,8355
2011-12-01,France,France,Fermetures & Menuiseries,101846
2011-12-01,France,France,Équipements Extérieurs,14830
2011-12-01,France,France,Sécurité & Domotique,8526
2012-01-01,France,France,Fermetures & Menuiseries,98577
2012-01-01,France,France,Équipements Extérieurs,14847
2012-01-01,France,France,Sécurité & Domotique,8957
2012-02-01,France,France,Fermetures & Menuiseries,96068
2012-02-01,France,France,Équipements Extérieurs,14038
2012-02-01,France,France,Sécurité & Domotique,8860
2012-03-01,France,France,Fermetures & Menuiseries,97707
2012-03-01,France,France,Équipements Extérieurs,13776
2012-03-01,France,France,Sécurité & Domotique,12729
2012-04-01,France,France,Fermetures & Menuiseries,97841
2012-04-01,France,France,Équipements Extérieurs,14248
2012-04-01,France,France,Sécurité & Domotique,9671
2012-05-01,France,France,Fermetures & Menuiseries,99153
2012-05-01,France,France,Équipements Extérieurs,15045
2012-05-01,France,France,Sécurité & Domotique,7442
2012-06-01,France,France,Fermetures & Menuiseries,97824
2012-06-01,France,France,Équipements Extérieurs,14194
2012-06-01,France,France,Sécurité & Domotique,7075
2012-07-01,France,France,Fermetures & Menuiseries,98387
2012-07-01,France,France,Équipements Extérieurs,13686
2012-07-01,France,France,Sécurité & Domotique,6770
2012-08-01,France,France,Fermetures & Menuiseries,93626
2012-08-01,France,France,Équipements Extérieurs,13317
2012-08-01,France,France,Sécurité & Domotique,9113
2012-09-01,France,France,Fermetures & Menuiseries,93241
2012-09-01,France,France,Équipements Extérieurs,13302
2012-09-01,France,France,Sécurité & Domotique,7490
2012-10-01,France,France,Fermetures & Menuiseries,92823
2012-10-01,France,France,Équipements Extérieurs,13176
2012-10-01,France,France,Sécurité & Domotique,6373
2012-11-01,France,France,Fermetures & Menuiseries,97843
2012-11-01,France,France,Équipements Extérieurs,13377
2012-11-01,France,France,Sécurité & Domotique,8591
2012-12-01,France,France,Fermetures & Menuiseries,97867
2012-12-01,France,France,Équipements Extérieurs,13268
2012-12-01,France,France,Sécurité & Domotique,7492
2013-01-01,France,France,Fermetures & Menuiseries,102535
2013-01-01,France,France,Équipements Extérieurs,13724
2013-01-01,France,France,Sécurité & Domotique,7960
2013-02-01,France,France,Fermetures & Menuiseries,104377
2013-02-01,France,France,Équipements Extérieurs,13318
2013-02-01,France,France,Sécurité & Domotique,7503
2013-03-01,France,France,Fermetures & Menuiseries,100031
2013-03-01,France,France,Équipements Extérieurs,12572
2013-03-01,France,France,Sécurité & Domotique,7136
2013-04-01,France,France,Fermetures & Menuiseries,91447
2013-04-01,France,France,Équipements Extérieurs,12102
2013-04-01,France,France,Sécurité & Domotique,8842
2013-05-01,France,France,Fermetures & Menuiseries,90123
2013-05-01,France,France,Équipements Extérieurs,11417
2013-05-01,France,France,Sécurité & Domotique,8333
2013-06-01,France,France,Fermetures & Menuiseries,96701
2013-06-01,France,France,Équipements Extérieurs,12207
2013-06-01,France,France,Sécurité & Domotique,6968
2013-07-01,France,France,Fermetures & Menuiseries,88663
2013-07-01,France,France,Équipements Extérieurs,11821
2013-07-01,France,France,Sécurité & Domotique,6142
2013-08-01,France,France,Fermetures & Menuiseries,87950
2013-08-01,France,France,Équipements Extérieurs,11932
2013-08-01,France,France,Sécurité & Domotique,10381
2013-09-01,France,France,Fermetures & Menuiseries,89926
2013-09-01,France,France,Équipements Extérieurs,12080
2013-09-01,France,France,Sécurité & Domotique,7549
2013-10-01,France,France,Fermetures & Menuiseries,95850
2013-10-01,France,France,Équipements Extérieurs,12623
2013-10-01,France,France,Sécurité & Domotique,6467
2013-11-01,France,France,Fermetures & Menuiseries,95732
2013-11-01,France,France,Équipements Extérieurs,12340
2013-11-01,France,France,Sécurité & Domotique,9317
2013-12-01,France,France,Fermetures & Menuiseries,101649
2013-12-01,France,France,Équipements Extérieurs,14184
2013-12-01,France,France,Sécurité & Domotique,8291
2014-01-01,France,France,Fermetures & Menuiseries,117942
2014-01-01,France,France,Équipements Extérieurs,17247
2014-01-01,France,France,Sécurité & Domotique,9644
2014-02-01,France,France,Fermetures & Menuiseries,137249
2014-02-01,France,France,Équipements Extérieurs,20067
2014-02-01,France,France,Sécurité & Domotique,9253
2014-03-01,France,France,Fermetures & Menuiseries,81399
2014-03-01,France,France,Équipements Extérieurs,10430
2014-03-01,France,France,Sécurité & Domotique,7535
2014-04-01,France,France,Fermetures & Menuiseries,71600
2014-04-01,France,France,Équipements Extérieurs,9255
2014-04-01,France,France,Sécurité & Domotique,11123
2014-05-01,France,France,Fermetures & Menuiseries,68745
2014-05-01,France,France,Équipements Extérieurs,8634
2014-05-01,France,France,Sécurité & Domotique,7698
2014-06-01,France,France,Fermetures & Menuiseries,72476
2014-06-01,France,France,Équipements Extérieurs,9019
2014-06-01,France,France,Sécurité & Domotique,6895
2014-07-01,France,France,Fermetures & Menuiseries,68441
2014-07-01,France,France,Équipements Extérieurs,8717
2014-07-01,France,France,Sécurité & Domotique,7517
2014-08-01,France,France,Fermetures & Menuiseries,76171
2014-08-01,France,France,Équipements Extérieurs,9305
2014-08-01,France,France,Sécurité & Domotique,9875
2014-09-01,France,France,Fermetures & Menuiseries,77323
2014-09-01,France,France,Équipements Extérieurs,9639
2014-09-01,France,France,Sécurité & Domotique,7604
2014-10-01,France,France,Fermetures & Menuiseries,77067
2014-10-01,France,France,Équipements Extérieurs,9966
2014-10-01,France,France,Sécurité & Domotique,6661
2014-11-01,France,France,Fermetures & Menuiseries,75501
2014-11-01,France,France,Équipements Extérieurs,9931
2014-11-01,France,France,Sécurité & Domotique,8325
2014-12-01,France,France,Fermetures & Menuiseries,77001
2014-12-01,France,France,Équipements Extérieurs,9889
2014-12-01,France,France,Sécurité & Domotique,7652
2015-01-01,France,France,Fermetures & Menuiseries,75401
2015-01-01,France,France,Équipements Extérieurs,9782
2015-01-01,France,France,Sécurité & Domotique,7901
2015-02-01,France,France,Fermetures & Menuiseries,73460
2015-02-01,France,France,Équipements Extérieurs,10076
2015-02-01,France,France,Sécurité & Domotique,7133
2015-03-01,France,France,Fermetures & Menuiseries,72724
2015-03-01,France,France,Équipements Extérieurs,10018
2015-03-01,France,France,Sécurité & Domotique,7732
2015-04-01,France,France,Fermetures & Menuiseries,76816
2015-04-01,France,France,Équipements Extérieurs,9809
2015-04-01,France,France,Sécurité & Domotique,10211
2015-05-01,France,France,Fermetures & Menuiseries,72686
2015-05-01,France,France,Équipements Extérieurs,9398
2015-05-01,France,France,Sécurité & Domotique,8759
2015-06-01,France,France,Fermetures & Menuiseries,73676
2015-06-01,France,France,Équipements Extérieurs,9563
2015-06-01,France,France,Sécurité & Domotique,7288
2015-07-01,France,France,Fermetures & Menuiseries,72790
2015-07-01,France,France,Équipements Extérieurs,9743
2015-07-01,France,France,Sécurité & Domotique,7507
2015-08-01,France,France,Fermetures & Menuiseries,73066
2015-08-01,France,France,Équipements Extérieurs,9324
2015-08-01,France,France,Sécurité & Domotique,11389
2015-09-01,France,France,Fermetures & Menuiseries,76041
2015-09-01,France,France,Équipements Extérieurs,9477
2015-09-01,France,France,Sécurité & Domotique,8867
2015-10-01,France,France,Fermetures & Menuiseries,65876
2015-10-01,France,France,Équipements Extérieurs,9365
2015-10-01,France,France,Sécurité & Domotique,7897
2015-11-01,France,France,Fermetures & Menuiseries,69379
2015-11-01,France,France,Équipements Extérieurs,9054
2015-11-01,France,France,Sécurité & Domotique,9887
2015-12-01,France,France,Fermetures & Menuiseries,70601
2015-12-01,France,France,Équipements Extérieurs,9397
2015-12-01,France,France,Sécurité & Domotique,9704
2016-01-01,France,France,Fermetures & Menuiseries,72651
2016-01-01,France,France,Équipements Extérieurs,9337
2016-01-01,France,France,Sécurité & Domotique,10765
2016-02-01,France,France,Fermetures & Menuiseries,68061
2016-02-01,France,France,Équipements Extérieurs,9127
2016-02-01,France,France,Sécurité & Domotique,7740
2016-03-01,France,France,Fermetures & Menuiseries,70069
2016-03-01,France,France,Équipements Extérieurs,9470
2016-03-01,France,France,Sécurité & Domotique,8574
2016-04-01,France,France,Fermetures & Menuiseries,72435
2016-04-01,France,France,Équipements Extérieurs,9973
2016-04-01,France,France,Sécurité & Domotique,10268
2016-05-01,France,France,Fermetures & Menuiseries,73263
2016-05-01,France,France,Équipements Extérieurs,10171
2016-05-01,France,France,Sécurité & Domotique,9287
2016-06-01,France,France,Fermetures & Menuiseries,74912
2016-06-01,France,France,Équipements Extérieurs,10223
2016-06-01,France,France,Sécurité & Domotique,8293
2016-07-01,France,France,Fermetures & Menuiseries,76142
2016-07-01,France,France,Équipements Extérieurs,10317
2016-07-01,France,France,Sécurité & Domotique,8317
2016-08-01,France,France,Fermetures & Menuiseries,75592
2016-08-01,France,France,Équipements Extérieurs,10608
2016-08-01,France,France,Sécurité & Domotique,10714
2016-09-01,France,France,Fermetures & Menuiseries,75151
2016-09-01,France,France,Équipements Extérieurs,9900
2016-09-01,France,France,Sécurité & Domotique,9532
2016-10-01,France,France,Fermetures & Menuiseries,77691
2016-10-01,France,France,Équipements Extérieurs,10104
2016-10-01,France,France,Sécurité & Domotique,8189
2016-11-01,France,France,Fermetures & Menuiseries,75184
2016-11-01,France,France,Équipements Extérieurs,10543
2016-11-01,France,France,Sécurité & Domotique,9525
2016-12-01,France,France,Fermetures & Menuiseries,75805
2016-12-01,France,France,Équipements Extérieurs,10209
2016-12-01,France,France,Sécurité & Domotique,9977
2017-01-01,France,France,Fermetures & Menuiseries,75164
2017-01-01,France,France,Équipements Extérieurs,10160
2017-01-01,France,France,Sécurité & Domotique,10604
2017-02-01,France,France,Fermetures & Menuiseries,77286
2017-02-01,France,France,Équipements Extérieurs,10154
2017-02-01,France,France,Sécurité & Domotique,9496
2017-03-01,France,France,Fermetures & Menuiseries,76997
2017-03-01,France,France,Équipements Extérieurs,10745
2017-03-01,France,France,Sécurité & Domotique,9256
2017-04-01,France,France,Fermetures & Menuiseries,84191
2017-04-01,France,France,Équipements Extérieurs,11079
2017-04-01,France,France,Sécurité & Domotique,12410
2017-05-01,France,France,Fermetures & Menuiseries,86065
2017-05-01,France,France,Équipements Extérieurs,11043
2017-05-01,France,France,Sécurité & Domotique,10074
2017-06-01,France,France,Fermetures & Menuiseries,84681
2017-06-01,France,France,Équipements Extérieurs,11242
2017-06-01,France,France,Sécurité & Domotique,10126
2017-07-01,France,France,Fermetures & Menuiseries,84596
2017-07-01,France,France,Équipements Extérieurs,11284
2017-07-01,France,France,Sécurité & Domotique,9646
2017-08-01,France,France,Fermetures & Menuiseries,89146
2017-08-01,France,France,Équipements Extérieurs,11557
2017-08-01,France,France,Sécurité & Domotique,12655
2017-09-01,France,France,Fermetures & Menuiseries,83784
2017-09-01,France,France,Équipements Extérieurs,11448
2017-09-01,France,France,Sécurité & Domotique,11553
2017-10-01,France,France,Fermetures & Menuiseries,88380
2017-10-01,France,France,Équipements Extérieurs,11584
2017-10-01,France,France,Sécurité & Domotique,9355
2017-11-01,France,France,Fermetures & Menuiseries,88571
2017-11-01,France,France,Équipements Extérieurs,11747
2017-11-01,France,France,Sécurité & Domotique,10904
2017-12-01,France,France,Fermetures & Menuiseries,86866
2017-12-01,France,France,Équipements Extérieurs,11596
2017-12-01,France,France,Sécurité & Domotique,11008
2018-01-01,France,France,Fermetures & Menuiseries,91947
2018-01-01,France,France,Équipements Extérieurs,12117
2018-01-01,France,France,Sécurité & Domotique,11509
2018-02-01,France,France,Fermetures & Menuiseries,92165
2018-02-01,France,France,Équipements Extérieurs,12226
2018-02-01,France,France,Sécurité & Domotique,10805
2018-03-01,France,France,Fermetures & Menuiseries,101636
2018-03-01,France,France,Équipements Extérieurs,13283
2018-03-01,France,France,Sécurité & Domotique,9301
2018-04-01,France,France,Fermetures & Menuiseries,90361
2018-04-01,France,France,Équipements Extérieurs,11974
2018-04-01,France,France,Sécurité & Domotique,12129
2018-05-01,France,France,Fermetures & Menuiseries,99513
2018-05-01,France,France,Équipements Extérieurs,12603
2018-05-01,France,France,Sécurité & Domotique,10102
2018-06-01,France,France,Fermetures & Menuiseries,96900
2018-06-01,France,France,Équipements Extérieurs,12331
2018-06-01,France,France,Sécurité & Domotique,10038
2018-07-01,France,France,Fermetures & Menuiseries,86952
2018-07-01,France,France,Équipements Extérieurs,12422
2018-07-01,France,France,Sécurité & Domotique,9068
2018-08-01,France,France,Fermetures & Menuiseries,90455
2018-08-01,France,France,Équipements Extérieurs,12010
2018-08-01,France,France,Sécurité & Domotique,12609
2018-09-01,France,France,Fermetures & Menuiseries,92064
2018-09-01,France,France,Équipements Extérieurs,11835
2018-09-01,France,France,Sécurité & Domotique,10882
2018-10-01,France,France,Fermetures & Menuiseries,90007
2018-10-01,France,France,Équipements Extérieurs,11687
2018-10-01,France,France,Sécurité & Domotique,8953
2018-11-01,France,France,Fermetures & Menuiseries,92375
2018-11-01,France,France,Équipements Extérieurs,11754
2018-11-01,France,France,Sécurité & Domotique,12530
2018-12-01,France,France,Fermetures & Menuiseries,99280
2018-12-01,France,France,Équipements Extérieurs,12724
2018-12-01,France,France,Sécurité & Domotique,11369
2019-01-01,France,France,Fermetures & Menuiseries,97307
2019-01-01,France,France,Équipements Extérieurs,12155
2019-01-01,France,France,Sécurité & Domotique,12349
2019-02-01,France,France,Fermetures & Menuiseries,93441
2019-02-01,France,France,Équipements Extérieurs,11611
2019-02-01,France,France,Sécurité & Domotique,10438
2019-03-01,France,France,Fermetures & Menuiseries,94289
2019-03-01,France,France,Équipements Extérieurs,11270
2019-03-01,France,France,Sécurité & Domotique,9822
2019-04-01,France,France,Fermetures & Menuiseries,86940
2019-04-01,France,France,Équipements Extérieurs,11267
2019-04-01,France,France,Sécurité & Domotique,12551
2019-05-01,France,France,Fermetures & Menuiseries,83769
2019-05-01,France,France,Équipements Extérieurs,10806
2019-05-01,France,France,Sécurité & Domotique,11373
2019-06-01,France,France,Fermetures & Menuiseries,86852
2019-06-01,France,France,Équipements Extérieurs,10682
2019-06-01,France,France,Sécurité & Domotique,10321
2019-07-01,France,France,Fermetures & Menuiseries,81185
2019-07-01,France,France,Équipements Extérieurs,10691
2019-07-01,France,France,Sécurité & Domotique,9529
2019-08-01,France,France,Fermetures & Menuiseries,89184
2019-08-01,France,France,Équipements Extérieurs,10692
2019-08-01,France,France,Sécurité & Domotique,15045
2019-09-01,France,France,Fermetures & Menuiseries,86630
2019-09-01,France,France,Équipements Extérieurs,10828
2019-09-01,France,France,Sécurité & Domotique,11578
2019-10-01,France,France,Fermetures & Menuiseries,88182
2019-10-01,France,France,Équipements Extérieurs,11024
2019-10-01,France,France,Sécurité & Domotique,10530
2019-11-01,France,France,Fermetures & Menuiseries,90102
2019-11-01,France,France,Équipements Extérieurs,10995
2019-11-01,France,France,Sécurité & Domotique,13804
2019-12-01,France,France,Fermetures & Menuiseries,84031
2019-12-01,France,France,Équipements Extérieurs,10898
2019-12-01,France,France,Sécurité & Domotique,11957
2020-01-01,France,France,Fermetures & Menuiseries,81975
2020-01-01,France,France,Équipements Extérieurs,11036
2020-01-01,France,France,Sécurité & Domotique,13851
2020-02-01,France,France,Fermetures & Menuiseries,85489
2020-02-01,France,France,Équipements Extérieurs,11087
2020-02-01,France,France,Sécurité & Domotique,11468
2020-03-01,France,France,Fermetures & Menuiseries,87095
2020-03-01,France,France,Équipements Extérieurs,11264
2020-03-01,France,France,Sécurité & Domotique,10323
2020-04-01,France,France,Fermetures & Menuiseries,90634
2020-04-01,France,France,Équipements Extérieurs,11469
2020-04-01,France,France,Sécurité & Domotique,12038
2020-05-01,France,France,Fermetures & Menuiseries,87526
2020-05-01,France,France,Équipements Extérieurs,11518
2020-05-01,France,France,Sécurité & Domotique,7604
2020-06-01,France,France,Fermetures & Menuiseries,82138
2020-06-01,France,France,Équipements Extérieurs,10795
2020-06-01,France,France,Sécurité & Domotique,6909
2020-07-01,France,France,Fermetures & Menuiseries,88653
2020-07-01,France,France,Équipements Extérieurs,11407
2020-07-01,France,France,Sécurité & Domotique,12268
2020-08-01,France,France,Fermetures & Menuiseries,83228
2020-08-01,France,France,Équipements Extérieurs,11264
2020-08-01,France,France,Sécurité & Domotique,13170
2020-09-01,France,France,Fermetures & Menuiseries,88509
2020-09-01,France,France,Équipements Extérieurs,11956
2020-09-01,France,France,Sécurité & Domotique,8662
2020-10-01,France,France,Fermetures & Menuiseries,89139
2020-10-01,France,France,Équipements Extérieurs,11636
2020-10-01,France,France,Sécurité & Domotique,10619
2020-11-01,France,France,Fermetures & Menuiseries,87965
2020-11-01,France,France,Équipements Extérieurs,12166
2020-11-01,France,France,Sécurité & Domotique,13922
2020-12-01,France,France,Fermetures & Menuiseries,89046
2020-12-01,France,France,Équipements Extérieurs,11965
2020-12-01,France,France,Sécurité & Domotique,14128
2021-01-01,France,France,Fermetures & Menuiseries,87750
2021-01-01,France,France,Équipements Extérieurs,11540
2021-01-01,France,France,Sécurité & Domotique,15670
2021-02-01,France,France,Fermetures & Menuiseries,83809
2021-02-01,France,France,Équipements Extérieurs,11730
2021-02-01,France,France,Sécurité & Domotique,11463
2021-03-01,France,France,Fermetures & Menuiseries,73771
2021-03-01,France,France,Équipements Extérieurs,9514
2021-03-01,France,France,Sécurité & Domotique,11032
2021-04-01,France,France,Fermetures & Menuiseries,64912
2021-04-01,France,France,Équipements Extérieurs,6815
2021-04-01,France,France,Sécurité & Domotique,13584
2021-05-01,France,France,Fermetures & Menuiseries,68180
2021-05-01,France,France,Équipements Extérieurs,7667
2021-05-01,France,France,Sécurité & Domotique,12785
2021-06-01,France,France,Fermetures & Menuiseries,79250
2021-06-01,France,France,Équipements Extérieurs,9438
2021-06-01,France,France,Sécurité & Domotique,11696
2021-07-01,France,France,Fermetures & Menuiseries,88131
2021-07-01,France,France,Équipements Extérieurs,11119
2021-07-01,France,France,Sécurité & Domotique,13291
2021-08-01,France,France,Fermetures & Menuiseries,84500
2021-08-01,France,France,Équipements Extérieurs,10714
2021-08-01,France,France,Sécurité & Domotique,17265
2021-09-01,France,France,Fermetures & Menuiseries,83135
2021-09-01,France,France,Équipements Extérieurs,10890
2021-09-01,France,France,Sécurité & Domotique,13817
2021-10-01,France,France,Fermetures & Menuiseries,69060
2021-10-01,France,France,Équipements Extérieurs,11904
2021-10-01,France,France,Sécurité & Domotique,12658
2021-11-01,France,France,Fermetures & Menuiseries,78038
2021-11-01,France,France,Équipements Extérieurs,12510
2021-11-01,France,France,Sécurité & Domotique,13344
2021-12-01,France,France,Fermetures & Menuiseries,85830
2021-12-01,France,France,Équipements Extérieurs,12145
2021-12-01,France,France,Sécurité & Domotique,13346
2022-01-01,France,France,Fermetures & Menuiseries,82995
2022-01-01,France,France,Équipements Extérieurs,12752
2022-01-01,France,France,Sécurité & Domotique,15888
2022-02-01,France,France,Fermetures & Menuiseries,86144
2022-02-01,France,France,Équipements Extérieurs,12562
2022-02-01,France,France,Sécurité & Domotique,10564
2022-03-01,France,France,Fermetures & Menuiseries,89180
2022-03-01,France,France,Équipements Extérieurs,12568
2022-03-01,France,France,Sécurité & Domotique,11249
2022-04-01,France,France,Fermetures & Menuiseries,91738
2022-04-01,France,France,Équipements Extérieurs,13341
2022-04-01,France,France,Sécurité & Domotique,15574
2022-05-01,France,France,Fermetures & Menuiseries,94399
2022-05-01,France,France,Équipements Extérieurs,13275
2022-05-01,France,France,Sécurité & Domotique,12241
2022-06-01,France,France,Fermetures & Menuiseries,94762
2022-06-01,France,France,Équipements Extérieurs,13697
2022-06-01,France,France,Sécurité & Domotique,12654
2022-07-01,France,France,Fermetures & Menuiseries,95198
2022-07-01,France,France,Équipements Extérieurs,13799
2022-07-01,France,France,Sécurité & Domotique,12914
2022-08-01,France,France,Fermetures & Menuiseries,97657
2022-08-01,France,France,Équipements Extérieurs,13962
2022-08-01,France,France,Sécurité & Domotique,15344
2022-09-01,France,France,Fermetures & Menuiseries,95640
2022-09-01,France,France,Équipements Extérieurs,13482
2022-09-01,France,France,Sécurité & Domotique,13376
2022-10-01,France,France,Fermetures & Menuiseries,93447
2022-10-01,France,France,Équipements Extérieurs,13340
2022-10-01,France,France,Sécurité & Domotique,11956
2022-11-01,France,France,Fermetures & Menuiseries,92840
2022-11-01,France,France,Équipements Extérieurs,12888
2022-11-01,France,France,Sécurité & Domotique,11125
2022-12-01,France,France,Fermetures & Menuiseries,90523
2022-12-01,France,France,Équipements Extérieurs,12927
2022-12-01,France,France,Sécurité & Domotique,11541
2023-01-01,France,France,Fermetures & Menuiseries,106734
2023-01-01,France,France,Équipements Extérieurs,15633
2023-01-01,France,France,Sécurité & Domotique,15363
2023-02-01,France,France,Fermetures & Menuiseries,119902
2023-02-01,France,France,Équipements Extérieurs,19135
2023-02-01,France,France,Sécurité & Domotique,9716
2023-03-01,France,France,Fermetures & Menuiseries,98441
2023-03-01,France,France,Équipements Extérieurs,13643
2023-03-01,France,France,Sécurité & Domotique,10247
2023-04-01,France,France,Fermetures & Menuiseries,83989
2023-04-01,France,France,Équipements Extérieurs,11332
2023-04-01,France,France,Sécurité & Domotique,13687
2023-05-01,France,France,Fermetures & Menuiseries,82193
2023-05-01,France,France,Équipements Extérieurs,10901
2023-05-01,France,France,Sécurité & Domotique,10344
2023-06-01,France,France,Fermetures & Menuiseries,79491
2023-06-01,France,France,Équipements Extérieurs,10572
2023-06-01,France,France,Sécurité & Domotique,9761
2023-07-01,France,France,Fermetures & Menuiseries,76072
2023-07-01,France,France,Équipements Extérieurs,9747
2023-07-01,France,France,Sécurité & Domotique,10709
2023-08-01,France,France,Fermetures & Menuiseries,81429
2023-08-01,France,France,Équipements Extérieurs,10121
2023-08-01,France,France,Sécurité & Domotique,12642
2023-09-01,France,France,Fermetures & Menuiseries,87786
2023-09-01,France,France,Équipements Extérieurs,10203
2023-09-01,France,France,Sécurité & Domotique,9596
2023-10-01,France,France,Fermetures & Menuiseries,87900
2023-10-01,France,France,Équipements Extérieurs,10048
2023-10-01,France,France,Sécurité & Domotique,9501
2023-11-01,France,France,Fermetures & Menuiseries,86084
2023-11-01,France,France,Équipements Extérieurs,9809
2023-11-01,France,France,Sécurité & Domotique,7690
2023-12-01,France,France,Fermetures & Menuiseries,79165
2023-12-01,France,France,Équipements Extérieurs,9375
2023-12-01,France,France,Sécurité & Domotique,9595
2024-01-01,France,France,Fermetures & Menuiseries,80768
2024-01-01,France,France,Équipements Extérieurs,9190
2024-01-01,France,France,Sécurité & Domotique,13151
2024-02-01,France,France,Fermetures & Menuiseries,86731
2024-02-01,France,France,Équipements Extérieurs,8735
2024-02-01,France,France,Sécurité & Domotique,6546
2024-03-01,France,France,Fermetures & Menuiseries,70756
2024-03-01,France,France,Équipements Extérieurs,9037
2024-03-01,France,France,Sécurité & Domotique,8330
2024-04-01,France,France,Fermetures & Menuiseries,63439
2024-04-01,France,France,Équipements Extérieurs,8788
2024-04-01,France,France,Sécurité & Domotique,11937
2024-05-01,France,France,Fermetures & Menuiseries,65897
2024-05-01,France,France,Équipements Extérieurs,8747
2024-05-01,France,France,Sécurité & Domotique,7075
2024-06-01,France,France,Fermetures & Menuiseries,65522
2024-06-01,France,France,Équipements Extérieurs,8368
2024-06-01,France,France,Sécurité & Domotique,9438
2024-07-01,France,France,Fermetures & Menuiseries,63508
2024-07-01,France,France,Équipements Extérieurs,8305
2024-07-01,France,France,Sécurité & Domotique,8612
2024-08-01,France,France,Fermetures & Menuiseries,65221
2024-08-01,France,France,Équipements Extérieurs,7756
2024-08-01,France,France,Sécurité & Domotique,10548
2024-09-01,France,France,Fermetures & Menuiseries,61975
2024-09-01,France,France,Équipements Extérieurs,7573
2024-09-01,France,France,Sécurité & Domotique,9864
2024-10-01,France,France,Fermetures & Menuiseries,61625
2024-10-01,France,France,Équipements Extérieurs,7416
2024-10-01,France,France,Sécurité & Domotique,8834
2024-11-01,France,France,Fermetures & Menuiseries,59143
2024-11-01,France,France,Équipements Extérieurs,7413
2024-11-01,France,France,Sécurité & Domotique,7700
2024-12-01,France,France,Fermetures & Menuiseries,63096
2024-12-01,France,France,Équipements Extérieurs,7468
2024-12-01,France,France,Sécurité & Domotique,10419
2025-01-01,France,France,Fermetures & Menuiseries,55214
2025-01-01,France,France,Équipements Extérieurs,6642
2025-01-01,France,France,Sécurité & Domotique,13477
2025-02-01,France,France,Fermetures & Menuiseries,57589
2025-02-01,France,France,Équipements Extérieurs,6736
2025-02-01,France,France,Sécurité & Domotique,8302
2025-03-01,France,France,Fermetures & Menuiseries,52443
2025-03-01,France,France,Équipements Extérieurs,6335
2025-03-01,France,France,Sécurité & Domotique,8704
2025-04-01,France,France,Fermetures & Menuiseries,59128
2025-04-01,France,France,Équipements Extérieurs,6866
2025-04-01,France,France,Sécurité & Domotique,13178
2025-05-01,France,France,Fermetures & Menuiseries,56584
2025-05-01,France,France,Équipements Extérieurs,6455
2025-05-01,France,France,Sécurité & Domotique,9936
2025-06-01,France,France,Fermetures & Menuiseries,55612
2025-06-01,France,France,Équipements Extérieurs,6476
2025-06-01,France,France,Sécurité & Domotique,11153
2025-07-01,France,France,Fermetures & Menuiseries,55692
2025-07-01,France,France,Équipements Extérieurs,6716
2025-07-01,France,France,Sécurité & Domotique,8876
2025-08-01,France,France,Fermetures & Menuiseries,55532
2025-08-01,France,France,Équipements Extérieurs,6430
2025-08-01,France,France,Sécurité & Domotique,11668
2025-09-01,France,France,Fermetures & Menuiseries,50581
2025-09-01,France,France,Équipements Extérieurs,6438
2025-09-01,France,France,Sécurité & Domotique,10944
2025-10-01,France,France,Fermetures & Menuiseries,52768
2025-10-01,France,France,Équipements Extérieurs,6677
2025-10-01,France,France,Sécurité & Domotique,9093
2025-11-01,France,France,Fermetures & Menuiseries,52421
2025-11-01,France,France,Équipements Extérieurs,6564
2025-11-01,France,France,Sécurité & Domotique,8586
2025-12-01,France,France,Fermetures & Menuiseries,52626
2025-12-01,France,France,Équipements Extérieurs,6667
2025-12-01,France,France,Sécurité & Domotique,10976
2026-01-01,France,France,Fermetures & Menuiseries,54007
2026-01-01,France,France,Équipements Extérieurs,6590
2026-01-01,France,France,Sécurité & Domotique,14385
2026-02-01,France,France,Fermetures & Menuiseries,54943
2026-02-01,France,France,Équipements Extérieurs,6750
2026-02-01,France,France,Sécurité & Domotique,8989
2026-03-01,France,France,Fermetures & Menuiseries,53198
2026-03-01,France,France,Équipements Extérieurs,7160
2026-03-01,France,France,Sécurité & Domotique,9469
2026-04-01,France,France,Fermetures & Menuiseries,54351
2026-04-01,France,France,Équipements Extérieurs,7007
2026-04-01,France,France,Sécurité & Domotique,13223
2026-05-01,France,France,Fermetures & Menuiseries,57328
2026-05-01,France,France,Équipements Extérieurs,7337
2026-05-01,France,France,Sécurité & Domotique,9320
2026-06-01,France,France,Fermetures & Menuiseries,56992
2026-06-01,France,France,Équipements Extérieurs,7341
2026-06-01,France,France,Sécurité & Domotique,10697
2026-07-01,France,France,Fermetures & Menuiseries,58400
2026-07-01,France,France,Équipements Extérieurs,7601
2026-07-01,France,France,Sécurité & Domotique,9554
