Department,Millesime,Population,Pop65Plus,ResidencesPrincipales,RPProprietaires,RPMaisons,Logements,LogementsVacants,PopUnAnPlus,ArriveesHorsDep,Actifs1564,Chomeurs1564,RPProprietaires65Plus,RPTotalAge,NiveauVieMedian,TauxPauvrete,PartProprietaires,PartMaisons,TauxVacance,Part65Plus,TauxArrivee,TauxChomage,PartRP65Plus,SoldeMigratoire
01,2012,612191,94516,251298,156761,163991,289259,21557,603936,25839,300634,29323,,,,,62.3805,65.2576,7.45249,15.439,4.27843,9.75372,,0.910587
01,2017,643350,111207,270417,168717,174973,313061,25269,635556,25444,313762,32602,,,,,62.3914,64.7049,8.07159,17.2856,4.00342,10.3907,,0.604485
01,2023,679344,129318,294496,184867,187318,338914,25966,672083,25672,333779,28862,60861,294496,27990,12,62.774,63.6063,7.66153,19.0357,3.81977,8.64704,20.6662,0.67449
02,2012,540843,92163,227182,141045,173524,258110,21348,533857,13524,242671,40770,,,,,62.0846,76.3811,8.27089,17.0406,2.53326,16.8005,,-0.121915
02,2017,534490,105311,230554,142239,176369,265548,25621,528602,12192,235994,41983,,,,,61.6944,76.4979,9.64835,19.7031,2.30646,17.7899,,-0.375377
02,2023,523342,115228,233915,144434,178030,269720,26679,518250,12209,232748,35723,55832,233915,23360,19,61.7464,76.1088,9.89137,22.0177,2.35581,15.3484,23.8685,-0.245592
03,2012,342911,82220,161133,102332,117956,203119,27196,339591,10265,147070,19061,,,,,63.5078,73.2041,13.3892,23.9771,3.02275,12.9605,,0.217537
03,2017,337988,90207,162433,105303,119730,207725,30143,334971,10614,143036,20013,,,,,64.8286,73.7104,14.511,26.6894,3.16863,13.9916,,0.0664896
03,2023,333298,96438,164718,107614,121621,210435,30370,330645,10732,141112,16765,47868,164718,24430,16,65.3323,73.8359,14.432,28.9345,3.24578,11.8806,29.0606,0.308689
04,2012,161241,36553,73890,43260,48979,122087,10007,159588,7256,70546,9328,,,,,58.5465,66.2864,8.19661,22.6698,4.54671,13.2226,,0.704057
04,2017,163915,41596,77250,45822,52365,127940,10641,162454,6513,70689,10315,,,,,59.3165,67.7864,8.31718,25.3766,4.00913,14.5921,,0.481143
04,2023,168054,46759,82253,49121,55132,133546,10716,166747,6391,72109,7836,22365,82253,24240,19,59.7194,67.0273,8.0242,27.8238,3.83275,10.8669,27.1905,0.807939
05,2012,139554,29079,63636,37579,33810,130368,7791,138053,5740,64287,6160,,,,,59.0531,53.1303,5.97616,20.8371,4.15782,9.58203,,0.946997
05,2017,141284,33183,65715,39270,35740,135493,8436,140003,5325,64127,6801,,,,,59.758,54.3864,6.22615,23.4867,3.80349,10.6055,,0.232168
05,2023,143467,37830,69994,42995,38243,141875,7781,142268,4756,64777,5644,18733,69994,25060,14,61.4267,54.6375,5.48441,26.3684,3.34299,8.71297,26.7637,0.459594
06,2012,1082014,243363,503022,274549,133713,741301,62667,1070043,32254,489116,61671,,,,,54.5799,26.5819,8.45365,22.4917,3.01427,12.6087,,-0.0963357
06,2017,1083310,261972,509479,280586,132788,766748,65117,1072120,27943,485490,66451,,,,,55.0731,26.0635,8.49262,24.1826,2.60633,13.6874,,-0.0353785
06,2023,1128418,282337,543316,300332,138969,803375,62569,1118224,28694,511870,55929,130349,543316,26380,18,55.2776,25.5779,7.78827,25.0206,2.56603,10.9264,23.9914,0.785217
07,2012,318407,68351,139382,92986,101970,191797,17071,314904,13368,140241,17874,,,,,66.7131,73.1587,8.90056,21.4666,4.2451,12.7452,,0.552712
07,2017,325712,78415,146535,97776,107718,203015,19746,322568,12646,143011,20126,,,,,66.7254,73.5101,9.72637,24.0749,3.92041,14.073,,0.558719
07,2023,334231,88343,156393,104893,115756,213609,19633,331352,12565,147694,16004,43373,156393,24820,16,67.0701,74.0161,9.19109,26.4317,3.79204,10.8359,27.7333,0.765451
08,2012,282778,49925,122265,72722,86530,140081,12791,279325,5278,125917,20266,,,,,59.479,70.7725,9.13115,17.6552,1.88956,16.0947,,-0.295418
08,2017,273579,56615,121784,73426,87931,142452,15754,270580,5091,121021,20441,,,,,60.292,72.2024,11.0592,20.6942,1.88151,16.8905,,-0.691426
08,2023,265893,61813,122646,73940,89097,144759,16311,263390,4790,118517,17027,29108,122646,23500,20,60.2873,72.6457,11.2677,23.2473,1.8186,14.3667,23.7333,-0.255868
09,2012,152366,35113,69442,46344,56271,105258,9656,150879,6389,66270,9571,,,,,66.7377,81.0331,9.17365,23.0452,4.23452,14.4424,,0.64913
09,2017,153153,38870,71654,47522,58081,109392,10643,151750,5647,66171,10433,,,,,66.3215,81.0576,9.72923,25.3798,3.72125,15.7667,,0.387225
09,2023,155722,43297,75913,50582,61107,112208,9348,154502,5823,68171,8929,22487,75913,23360,20,66.6315,80.4961,8.33096,27.804,3.76888,13.0979,29.6221,0.777001
10,2012,305606,57665,135644,80368,90425,156857,14368,301752,9056,137306,19651,,,,,59.2492,66.6635,9.15994,18.8691,3.00114,14.3118,,0.103776
10,2017,310020,64926,141267,81673,93355,164453,15682,306694,8762,137774,23243,,,,,57.8146,66.0841,9.53586,20.9425,2.85692,16.8704,,0.170023
10,2023,310447,71201,145045,84066,96028,169440,15448,307460,8871,137983,18695,33320,145045,24130,18,57.9586,66.2057,9.11709,22.935,2.88525,13.5488,22.9722,0.102413
11,2012,362339,81493,162615,102693,122873,246735,20502,358293,16312,153407,26513,,,,,63.151,75.5607,8.30932,22.4908,4.5527,17.2828,,0.967323
11,2017,370260,93269,171947,107539,128783,261180,23016,366817,14121,155399,28634,,,,,62.5419,74.8969,8.81231,25.1901,3.8496,18.4261,,0.60678
11,2023,379648,105166,183141,114325,136056,273100,21192,376607,14086,158823,23296,51999,183141,23060,21,62.4246,74.2903,7.75979,27.7009,3.74024,14.6679,28.3929,0.797413
12,2012,276229,68264,125545,87278,89750,173956,17876,273436,9016,121772,11194,,,,,69.5193,71.4883,10.2762,24.7128,3.2973,9.19259,,0.299244
12,2017,279206,74991,129812,90123,93843,181053,19894,276680,8642,121177,11975,,,,,69.4258,72.2915,10.9879,26.8587,3.12346,9.88224,,0.563952
12,2023,279609,80040,134557,93747,97477,186763,20696,277508,8946,122668,10146,40855,134557,24780,14,69.6708,72.4429,11.0814,28.6257,3.22369,8.27111,30.3626,0.519986
13,2012,1984784,359107,860051,438362,335352,964368,67149,1960238,55578,883174,134002,,,,,50.9693,38.9921,6.96301,18.093,2.83527,15.1728,,-0.116911
13,2017,2024162,405109,898432,457011,346220,1021226,76411,2000776,51218,887341,132285,,,,,50.8676,38.536,7.48228,20.0137,2.55991,14.908,,-0.0556232
13,2023,2087658,443568,959660,487403,359316,1090066,77571,2066205,47409,933138,107881,192307,959660,25610,20,50.7891,37.442,7.11617,21.2472,2.2945,11.5611,20.0391,0.245641
14,2012,687304,123013,300724,170890,197159,394027,22844,679106,19720,314914,38692,,,,,56.8262,65.5614,5.79757,17.8979,2.90382,12.2865,,0.156816
14,2017,694002,143486,312791,178305,204990,416115,28738,686826,19758,313200,40399,,,,,57.0045,65.5358,6.90626,20.6752,2.87671,12.8988,,0.0593333
14,2023,709441,165780,333372,191390,214774,439517,27406,702872,20060,325399,33367,76500,333372,25600,14,57.4103,64.4247,6.23548,23.3677,2.854,10.2542,22.9473,0.471348
15,2012,147415,36416,67979,47277,50085,98822,10690,146030,4409,65822,5539,,,,,69.5465,73.6772,10.8174,24.703,3.01924,8.41512,,0.106805
15,2017,145143,39666,68632,48405,51462,101363,12103,144002,4452,64094,5640,,,,,70.5283,74.9825,11.9403,27.3289,3.09162,8.79958,,0.255334
15,2023,144196,43141,70493,50133,52763,103584,11561,143177,4448,62972,4219,22323,70493,24820,14,71.1177,74.8486,11.161,29.9183,3.10664,6.6998,31.667,0.646604
16,2012,353657,77860,160541,107514,132646,191254,18991,349996,11678,159219,20618,,,,,66.9698,82.6244,9.92973,22.0157,3.33661,12.9495,,0.297996
16,2017,352335,86235,163566,109247,135416,197059,21228,349229,10767,157555,22212,,,,,66.7908,82.7898,10.7724,24.4753,3.08308,14.0979,,0.101794
16,2023,352683,95363,170191,113917,140194,203479,20333,349854,11195,157950,17757,48334,170191,24850,15,66.9348,82.3745,9.99268,27.0393,3.19991,11.2422,28.3999,0.407992
17,2012,628733,146354,290296,189250,227929,409655,28260,622379,25831,272407,37576,,,,,65.1921,78.5161,6.89849,23.2776,4.15036,13.7941,,0.852051
17,2017,644303,171598,305740,198795,239674,431948,30812,639043,24777,274809,39846,,,,,65.0209,78.3914,7.13327,26.6331,3.8772,14.4995,,0.768402
17,2023,672279,200061,329366,217267,257039,461993,30259,667389,25036,287884,31553,101418,329366,25710,13,65.9652,78.0405,6.54967,29.7586,3.75134,10.9603,30.7919,1.22329
18,2012,311897,69101,142116,94023,112431,174264,18892,308673,9894,138667,18401,,,,,66.1593,79.1121,10.841,22.1551,3.20533,13.2699,,-0.0952959
18,2017,304256,76193,141923,94983,114265,178580,23200,301437,9164,132672,18405,,,,,66.9257,80.512,12.9914,25.0424,3.0401,13.8726,,-0.279259
18,2023,298660,80573,144070,97665,115863,179931,22012,296067,9175,130086,15051,41548,144070,24730,16,67.79,80.4213,12.2336,26.9782,3.09896,11.57,28.8388,0.11876
19,2012,241247,59358,111118,75426,85036,150479,16729,239096,8156,105598,10227,,,,,67.8792,76.5277,11.1172,24.6047,3.41118,9.68484,,0.216743
19,2017,241464,64555,113903,77806,88175,154124,16789,239438,8284,104622,11513,,,,,68.309,77.4124,10.8932,26.7348,3.45977,11.0044,,0.466327
19,2023,240826,69353,117283,80918,90893,157660,17121,238888,8346,104493,9647,36110,117283,24910,14,68.9938,77.4989,10.8594,28.798,3.49369,9.2322,30.7888,0.523128
21,2012,527403,93724,238872,145160,128745,275140,21922,521393,18649,252730,27035,,,,,60.7689,53.8971,7.96758,17.7709,3.57676,10.6972,,0.0895707
21,2017,533819,108152,247908,148419,132915,287831,24079,528259,18142,249235,29201,,,,,59.8686,53.6146,8.36567,20.2601,3.4343,11.7163,,0.0583614
21,2023,540100,120012,261017,155964,137631,303837,25071,535393,18247,255849,24255,60483,261017,26560,13,59.7524,52.7287,8.25146,22.2203,3.40815,9.4802,23.1721,0.208123
22,2012,595531,134402,267662,189451,221453,350943,28108,588940,18455,255209,27673,,,,,70.7799,82.7361,8.00928,22.5684,3.1336,10.8433,,0.71112
22,2017,598814,151012,275171,195614,228862,366683,32432,593074,17854,254429,29883,,,,,71.0882,83.1708,8.8447,25.2185,3.01042,11.7451,,0.329991
22,2023,611859,169102,290789,207485,240592,382287,30030,606912,19428,263651,25230,90300,290789,25590,12,71.3524,82.7377,7.85535,27.6374,3.20112,9.56947,31.0534,0.800443
23,2012,121517,33036,57538,41256,48142,87178,11911,120543,4407,50870,6033,,,,,71.7022,83.6699,13.6629,27.1863,3.65596,11.8596,,0.223476
23,2017,118638,35018,57546,41653,48746,88506,13195,117712,4142,49300,6204,,,,,72.3821,84.7079,14.9086,29.5167,3.51876,12.5842,,0.374598
23,2023,115527,36804,58093,42381,49388,89365,13664,114731,4153,47313,5161,19750,58093,23210,20,72.9537,85.0154,15.2901,31.8575,3.61977,10.9082,33.9972,0.589468
24,2012,416384,104104,190244,129154,159087,248626,23700,412680,15220,177563,23749,,,,,67.8886,83.6226,9.53239,25.0019,3.68809,13.375,,0.732953
24,2017,413606,116032,194935,133422,163903,258732,26919,410466,14900,173951,24527,,,,,68.4444,84.0808,10.4042,28.0538,3.63002,14.0999,,0.340599
24,2023,417614,128185,203880,141197,170827,268633,25974,414665,14729,174841,19622,65479,203880,24150,17,69.255,83.788,9.66895,30.6946,3.55202,11.2228,32.1164,0.83445
25,2012,531062,89442,234867,138227,122806,266904,20120,524178,18479,252855,30367,,,,,58.8533,52.2875,7.53829,16.8421,3.52533,12.0096,,-0.0273776
25,2017,539067,102956,243469,144638,128893,279578,23695,532863,16685,251031,30888,,,,,59.4072,52.9402,8.47527,19.0989,3.1312,12.3045,,-0.12571
25,2023,547163,113742,254754,152743,135075,292326,24984,541541,16056,258211,26894,55453,254754,27190,13,59.9571,53.0217,8.54662,20.7876,2.96487,10.4155,21.7673,0.102801
26,2012,491334,93436,212937,131514,137199,254219,20779,485211,19070,223150,29559,,,,,61.7619,64.4317,8.17366,19.0168,3.93025,13.2462,,0.459584
26,2017,511553,109092,226937,140551,146118,272494,23774,505876,18364,230640,32723,,,,,61.9339,64.387,8.7246,21.3256,3.63014,14.1879,,0.54179
26,2023,524207,122714,241892,150798,155721,287966,23682,519135,17861,239562,27566,59743,241892,25210,16,62.341,64.3763,8.22389,23.4095,3.44053,11.5068,24.6982,0.358386
27,2012,591616,93603,242659,155986,186915,280523,18940,583543,21180,280231,36811,,,,,64.282,77.0278,6.75167,15.8216,3.62955,13.1359,,0.296589
27,2017,601843,111305,252388,164473,196848,295109,23752,595012,19013,279036,37445,,,,,65.1667,77.9942,8.04855,18.494,3.1954,13.4194,,0.0101417
27,2023,602714,125832,263665,172442,204732,305145,22449,596648,18525,279710,31153,61402,263665,25520,14,65.4019,77.6485,7.35683,20.8776,3.10485,11.1376,23.2879,-0.0508438
28,2012,432107,74161,179655,118836,132660,207952,15174,426344,14971,204240,23548,,,,,66.1468,73.8415,7.29688,17.1626,3.51148,11.5296,,0.104448
28,2017,433233,85647,184213,121777,136400,215350,18092,428333,13381,200253,25102,,,,,66.1066,74.0447,8.40121,19.7693,3.12397,12.5351,,-0.261093
28,2023,433129,94306,191532,126971,141485,222884,18479,428794,12920,201065,21240,46730,191532,25980,13,66.2923,73.8702,8.29086,21.7732,3.0131,10.5637,24.398,-0.0617451
29,2012,901293,179755,411909,285993,301112,519088,39376,891296,25949,404256,46766,,,,,69.4311,73.1016,7.58561,19.9441,2.91138,11.5684,,0.330667
29,2017,909028,202569,425945,293390,310799,542677,42221,900337,25945,402849,50360,,,,,68.8798,72.9669,7.78013,22.2841,2.8817,12.501,,0.28215
29,2023,933455,231331,451952,311855,328515,565650,37427,925593,25766,419126,40997,126781,451952,26210,11,69.0018,72.688,6.61664,24.7822,2.78373,9.78155,28.0519,0.735511
2A,2012,145429,30925,62173,34559,26896,107085,3911,144015,4095,66238,7918,,,,,55.5852,43.2599,3.65224,21.2647,2.84345,11.9539,,0.850447
2A,2017,157249,36626,68743,38831,30887,118848,3126,155713,3867,71431,8249,,,,,56.4872,44.9311,2.63025,23.2917,2.48342,11.5482,,1.67972
2A,2023,168306,42080,75184,42194,33242,128776,4050,166844,4085,75909,6321,18444,75184,26050,18,56.121,44.2142,3.145,25.0021,2.44839,8.32708,24.5318,1.34617
2B,2012,170828,34605,73962,39473,35310,120216,4538,169029,6004,73793,9400,,,,,53.3693,47.7407,3.77487,20.2572,3.55205,12.7383,,1.33903
2B,2017,177689,40281,79689,43434,38237,130820,4845,176123,4828,76310,10192,,,,,54.5044,47.9828,3.70356,22.6694,2.74127,13.356,,0.817079
2B,2023,187180,47070,87285,47804,41481,141352,4419,185715,4123,80419,7969,21270,87285,24200,22,54.7677,47.5236,3.12624,25.1469,2.22007,9.90935,24.3684,1.06356
30,2012,725618,143326,317173,187138,204931,401359,32618,717302,26864,316376,53092,,,,,59.0019,64.6117,8.12689,19.7523,3.74515,16.7813,,0.81505
30,2017,744178,165768,333199,196343,217443,423840,35560,736629,24406,318384,55313,,,,,58.9266,65.2592,8.38996,22.2753,3.3132,17.373,,0.356744
30,2023,770940,189289,357160,212376,232846,451147,37207,764058,24256,331401,46230,88982,357160,23930,21,59.4624,65.1938,8.2472,24.553,3.17463,13.9499,24.9138,0.645992
31,2012,1279349,192005,580858,306922,301153,652508,46534,1263192,62496,638413,78790,,,,,52.8394,51.8462,7.13156,15.008,4.94747,12.3415,,0.785106
31,2017,1362672,221512,631799,331085,321494,715532,52498,1346761,58837,677413,88369,,,,,52.4035,50.8855,7.33692,16.2557,4.36878,13.0451,,0.726776
31,2023,1471468,252753,706806,363358,346165,797106,56168,1456035,57241,744672,81903,120523,706806,27040,16,51.4084,48.976,7.04649,17.1769,3.93129,10.9985,17.0518,0.915676
32,2012,189530,46317,84867,58246,69921,105477,10509,187737,7924,83278,8043,,,,,68.6321,82.3889,9.96331,24.4378,4.2208,9.65801,,0.8642
32,2017,191091,51483,88060,60744,73154,110358,11817,189456,7278,83248,9214,,,,,68.9802,83.0729,10.7079,26.9416,3.84153,11.0681,,0.542183
32,2023,192645,56457,92103,63762,76303,114137,11353,191202,7287,83394,7661,28090,92103,24770,16,69.229,82.8453,9.94682,29.3062,3.81115,9.18651,30.4985,0.701847
33,2012,1483712,254096,668173,371425,426290,784118,49983,1466773,53958,706195,87265,,,,,55.5881,63.7993,6.37442,17.1257,3.67869,12.3571,,0.764611
33,2017,1583384,297480,727304,398083,452110,856616,53618,1566724,57915,753055,100977,,,,,54.7341,62.1625,6.25928,18.7876,3.69657,13.409,,1.04299
33,2023,1690493,341415,800830,440419,480493,944356,56681,1673942,52585,826467,86422,162899,800830,26820,14,54.9953,59.9994,6.00208,20.1962,3.14139,10.4568,20.3413,0.947307
34,2012,1077627,204453,487851,266509,262471,660752,48409,1065101,47341,475930,79545,,,,,54.6292,53.8015,7.32635,18.9725,4.44474,16.7136,,1.04044
34,2017,1144892,240785,533184,284185,277595,718743,53034,1132663,44906,503211,87665,,,,,53.2996,52.0636,7.37872,21.0312,3.96464,17.4211,,0.973138
34,2023,1230289,279648,594771,315196,299297,782278,52668,1218846,45147,551752,79775,132654,594771,24280,21,52.9945,50.3214,6.73264,22.7303,3.70408,14.4585,22.3034,1.1448
35,2012,1007901,159117,439345,263316,270165,506257,33694,994862,42531,479846,47325,,,,,59.9338,61.4927,6.65551,15.787,4.27507,9.86254,,0.624473
35,2017,1060199,185850,471034,281694,286407,546440,37793,1048115,40283,500866,53868,,,,,59.8033,60.8039,6.91622,17.5297,3.84338,10.755,,0.604127
35,2023,1120666,211490,513565,306313,305506,592053,35783,1109410,39724,544942,48180,105452,513565,26670,12,59.6444,59.4873,6.04388,18.8718,3.58064,8.84131,20.5333,0.69531
36,2012,228692,55609,106042,71463,86930,136111,16030,226582,6687,99853,11945,,,,,67.3912,81.977,11.7772,24.3161,2.95125,11.9626,,-0.106186
36,2017,222232,60367,105772,72065,87477,138634,18386,220350,6122,94476,12268,,,,,68.1324,82.7034,13.2623,27.164,2.77831,12.9853,,-0.106606
36,2023,216069,64183,106494,72948,88132,139329,17884,214372,6101,91232,9941,33242,106494,24020,16,68.4996,82.7577,12.8358,29.7049,2.84599,10.8964,31.2149,0.197541
37,2012,596937,113090,269259,158517,171284,305157,22441,590028,22230,277075,32162,,,,,58.8716,63.6131,7.35392,18.945,3.76762,11.6077,,0.241268
37,2017,606511,127685,279367,165088,177496,321881,27754,600043,20782,278035,35678,,,,,59.0936,63.5351,8.62244,21.0524,3.46342,12.8322,,0.11884
37,2023,619362,141608,295031,172993,184340,339764,28779,613652,18835,287899,30109,68641,295031,25930,14,58.6355,62.4816,8.47029,22.8635,3.06933,10.4582,23.2657,0.338741
38,2012,1224993,195013,515572,313649,264960,608400,41261,1208737,41801,584061,64056,,,,,60.8352,51.3915,6.78189,15.9195,3.45824,10.9673,,0.261811
38,2017,1258722,225193,543261,331838,279882,646707,49173,1244027,38626,594087,68259,,,,,61.0826,51.5189,7.6036,17.8906,3.10492,11.4897,,0.0167021
38,2023,1298990,254200,580337,354792,297067,688508,52268,1285753,37934,623382,57480,123956,580337,27290,13,61.1355,51.1887,7.59149,19.569,2.95033,9.22067,21.3593,0.242164
39,2012,260932,52593,116417,75389,76758,144747,13246,257916,8176,119398,12515,,,,,64.7577,65.9337,9.15114,20.1558,3.17002,10.4818,,0.0509083
39,2017,260188,59590,119104,78341,79702,149350,14947,257572,7793,117413,12472,,,,,65.7753,66.918,10.008,22.9027,3.02556,10.6223,,-0.0425398
39,2023,257973,64928,122879,81623,82641,153586,14471,255860,7448,117607,9741,32711,122879,26090,12,66.4255,67.254,9.42208,25.1685,2.91097,8.28267,26.6205,0.0973655
40,2012,392884,84528,173432,112942,135635,238981,15848,388766,18171,177336,21845,,,,,65.1218,78.2064,6.63149,21.5147,4.67402,12.3184,,1.38354
40,2017,407444,99538,186013,121966,145330,255992,17397,403847,16550,181180,24851,,,,,65.5685,78.1289,6.79592,24.4299,4.09809,13.7162,,0.866617
40,2023,433570,115865,205741,136735,157507,279035,17017,430194,16976,194878,20590,57360,205741,25650,12,66.4598,76.556,6.09852,26.7235,3.94613,10.5656,27.8797,1.38616
41,2012,331656,72283,146867,100146,117556,178481,17155,327910,10639,148773,17531,,,,,68.1882,80.0425,9.61167,21.7946,3.24449,11.7837,,0.267736
41,2017,331915,79676,149623,102059,120653,183643,19548,328662,9580,146202,17873,,,,,68.2108,80.638,10.6446,24.0049,2.91485,12.2249,,0.0715199
41,2023,328543,86528,153224,104987,123557,188500,19570,325623,9373,144834,14851,44475,153224,25240,14,68.5186,80.6382,10.382,26.3369,2.87848,10.2538,29.0261,0.136129
42,2012,753763,149852,329213,192487,167693,381976,35654,744206,18138,333061,42557,,,,,58.4688,50.9375,9.33409,19.8805,2.43723,12.7775,,0.109928
42,2017,762941,166688,339403,198929,176055,396655,40764,754124,19038,332204,44582,,,,,58.6114,51.872,10.2769,21.8481,2.52452,13.4201,,0.0254722
42,2023,774133,180198,354644,208201,184350,410557,39673,766374,20349,342232,38652,80187,354644,24800,17,58.707,51.9817,9.66321,23.2774,2.65523,11.2941,22.6106,0.227278
43,2012,225686,47295,98543,68404,74550,138818,16176,223303,6982,101221,9912,,,,,69.4154,75.6523,11.6527,20.9561,3.12669,9.79243,,0.49166
43,2017,227283,53614,101984,71247,77761,142989,17707,225163,6540,101567,10702,,,,,69.861,76.2482,12.3835,23.5891,2.90456,10.5369,,0.301569
43,2023,228654,59705,107026,75484,81613,147281,17333,226751,6752,103134,8502,30007,107026,25140,12,70.5287,76.2553,11.7687,26.1115,2.97772,8.24364,28.0371,0.44702
44,2012,1313473,209968,572396,358144,367372,680299,37096,1296257,47214,625776,68952,,,,,62.5693,64.1814,5.4529,15.9857,3.64233,11.0186,,0.619631
44,2017,1394909,248549,620688,384703,390118,740924,42229,1377834,47816,665822,77352,,,,,61.9801,62.8525,5.6995,17.8183,3.47037,11.6175,,0.798433
44,2023,1487570,286678,684986,418340,420192,811177,43940,1471810,43707,729138,66411,145047,684986,27150,12,61.0728,61.3432,5.41682,19.2716,2.96961,9.10815,21.1752,0.812
45,2012,662297,115724,284894,176946,194824,327876,26715,653458,21903,310654,37718,,,,,62.1094,68.3847,8.1479,17.4731,3.35186,12.1415,,0.0720667
45,2017,678105,131968,296752,183712,203089,344708,31388,670003,21393,313452,41087,,,,,61.9076,68.4373,9.10568,19.4613,3.19297,13.1079,,0.111853
45,2023,691268,146521,310889,193680,213755,359356,30697,684005,21138,320654,35566,73134,310889,25800,15,62.2988,68.7561,8.54223,21.196,3.09033,11.0917,23.5242,0.135844
46,2012,174346,44703,80932,56294,66411,113643,11228,172842,7318,74679,8833,,,,,69.5572,82.0578,9.88006,25.6404,4.23392,11.828,,0.645663
46,2017,173828,50131,83249,57943,68693,118075,12672,172517,7000,73810,9713,,,,,69.602,82.5151,10.7322,28.8394,4.05757,13.1595,,0.412169
46,2023,176473,56146,88004,61756,72530,122591,12134,175251,7064,74430,8118,29417,88004,24740,16,70.1741,82.4167,9.89795,31.8156,4.03079,10.9069,33.4269,0.909136
47,2012,332119,77823,149078,95553,120065,178555,18803,328522,11279,143646,19307,,,,,64.096,80.5384,10.5306,23.4323,3.43326,13.4407,,0.517815
47,2017,332842,85321,152670,98257,123365,185343,21117,329721,11072,142719,20687,,,,,64.3591,80.805,11.3935,25.6341,3.35799,14.4949,,0.210768
47,2023,333602,92722,158186,103000,127815,192312,21748,330902,10763,143292,16062,45775,158186,23730,18,65.1132,80.8005,11.3087,27.7942,3.25262,11.2093,28.9375,0.419268
48,2012,76889,16956,34150,22256,25008,58823,5550,76083,3317,34158,2849,,,,,65.1713,73.2299,9.43508,22.0526,4.35971,8.34065,,0.181061
48,2017,76601,18910,34983,22851,25929,60898,6220,75907,3400,33715,3242,,,,,65.3203,74.1189,10.2138,24.6864,4.47917,9.6159,,0.300433
48,2023,76486,20887,36725,24119,27133,62355,5308,75884,3127,33692,2610,10638,36725,24270,15,65.6746,73.8816,8.51255,27.3083,4.12076,7.74665,28.9666,0.541116
49,2012,795405,136406,339602,204397,241174,375931,25690,784801,28421,372134,42914,,,,,60.1872,71.0167,6.8337,17.1493,3.62143,11.5319,,0.228443
49,2017,813493,156245,355093,214347,251203,394578,27441,803891,26564,376495,46564,,,,,60.3636,70.7429,6.95452,19.2067,3.30443,12.3678,,0.0803616
49,2023,833776,175749,375558,226940,264197,414821,25556,825297,25424,394266,36913,82494,375558,25550,12,60.4274,70.3479,6.16073,21.0787,3.08059,9.36246,21.9657,0.266116
50,2012,499890,106082,222688,139071,178205,286571,22462,494345,13284,221938,23699,,,,,62.4511,80.0245,7.8382,21.2211,2.68719,10.6782,,0.154859
50,2017,496883,119436,227731,144352,183760,297133,25120,492106,12241,218892,23781,,,,,63.3871,80.6917,8.45413,24.037,2.48747,10.8643,,-0.00308068
50,2023,497522,132160,237370,152652,190636,305712,22826,493107,12546,221579,18683,63811,237370,25430,12,64.3097,80.3117,7.4665,26.5636,2.54428,8.43176,26.8825,0.365646
51,2012,568795,92656,253158,130218,142809,281894,22467,561592,19500,270164,34264,,,,,51.4374,56.411,7.97002,16.2899,3.47227,12.6827,,-0.239092
51,2017,568895,107099,259819,133124,146234,294041,26198,562562,16904,263367,36063,,,,,51.2372,56.283,8.90964,18.8258,3.00482,13.6931,,-0.289876
51,2023,563076,118692,265839,139219,149792,304458,27779,557402,15894,263354,30344,53066,265839,25700,16,52.3697,56.3469,9.12408,21.0792,2.85144,11.5221,19.9617,-0.263786
52,2012,182136,38148,82036,52625,60967,100421,11000,180222,5317,81187,10707,,,,,64.1487,74.3174,10.9539,20.9448,2.95025,13.1881,,-0.53712
52,2017,175640,42186,81313,52770,61108,100650,11745,173973,4544,76855,10297,,,,,64.8974,75.1516,11.6692,24.0184,2.6119,13.398,,-0.5665
52,2023,168331,45002,80915,52884,61480,100360,11750,166910,4642,73205,7959,22953,80915,23980,16,65.3575,75.981,11.7079,26.7342,2.78114,10.8722,28.3668,-0.242447
53,2012,307453,58473,131356,86454,105906,151650,12391,303409,9173,141347,12070,,,,,65.8166,80.6252,8.17079,19.0185,3.02331,8.53927,,0.14296
53,2017,307445,65928,134164,89257,108469,156662,14183,304059,8899,138728,12876,,,,,66.5283,80.8481,9.05325,21.4438,2.92673,9.28147,,-0.190533
53,2023,305468,71648,138699,92914,112186,162042,14977,302409,8587,139923,10514,35563,138699,25140,12,66.9897,80.8845,9.24267,23.4552,2.83953,7.51413,25.6404,-0.0448319
54,2012,733266,123415,324035,186313,180398,360503,31200,724623,23996,339627,45136,,,,,57.4978,55.6724,8.65457,16.8309,3.31152,13.2899,,-0.0654563
54,2017,733481,138109,333167,191434,184686,375755,35346,725698,23783,334105,46664,,,,,57.4589,55.4335,9.40666,18.8293,3.27726,13.9669,,-0.209528
54,2023,732236,151452,344462,198663,189374,389086,35305,725419,21728,339061,37659,72650,344462,25910,16,57.6734,54.9767,9.07383,20.6835,2.99523,11.1069,21.0909,-0.0124293
55,2012,192800,36075,83316,55550,63887,98104,10226,190491,5635,87824,11605,,,,,66.6739,76.6803,10.4236,18.7111,2.95815,13.2139,,-0.220971
55,2017,187187,40416,83575,56058,64713,99736,11630,185344,4846,83861,11446,,,,,67.0751,77.431,11.6608,21.5912,2.6146,13.6488,,-0.539938
55,2023,180290,44933,83933,56821,65175,100335,11431,178782,4581,80783,8943,22910,83933,24740,15,67.698,77.6512,11.3928,24.9226,2.56234,11.0704,27.2956,-0.279667
56,2012,732372,149895,329155,222517,245631,438653,30048,724063,26389,323673,36820,,,,,67.6025,74.6247,6.85006,20.4671,3.64457,11.3757,,0.768669
56,2017,750863,176119,346231,233619,257987,464186,34542,743763,25545,326698,41477,,,,,67.4749,74.513,7.44141,23.4555,3.43456,12.6958,,0.57621
56,2023,783390,207954,373800,255282,277635,491517,31558,776962,26574,342475,32083,109554,373800,26250,11,68.2937,74.2737,6.42053,26.5454,3.42024,9.36798,29.3082,1.00973
57,2012,1046468,175392,444111,265527,251226,493278,40289,1033992,22594,493019,66067,,,,,59.7884,56.5683,8.16761,16.7604,2.18512,13.4005,,-0.0779194
57,2017,1043522,198477,457123,273545,259480,514328,46665,1032380,20412,485387,66979,,,,,59.8406,56.7637,9.073,19.0199,1.97718,13.7991,,-0.217742
57,2023,1051309,221557,478218,286838,267031,539299,48424,1041330,22140,493742,54008,101538,478218,26030,17,59.9806,55.8388,8.97906,21.0744,2.12613,10.9385,21.2326,0.200762
58,2012,216786,54818,102788,68639,77795,140730,16619,214747,6695,89472,11929,,,,,66.7773,75.6849,11.8091,25.2867,3.11762,13.3327,,-0.0874991
58,2017,207182,59376,100961,68201,77734,141642,19482,205519,6304,83441,11420,,,,,67.5518,76.9941,13.7544,28.6589,3.06736,13.6863,,-0.354543
58,2023,201417,62589,101408,69004,78618,141787,19075,199906,6425,80757,9131,32525,101408,24010,17,68.0459,77.5264,13.4533,31.0743,3.21401,11.3068,32.0734,0.294508
59,2012,2587128,373656,1067041,590583,732721,1155039,75007,2550073,50396,1169861,196685,,,,,55.3477,68.6685,6.49389,14.4429,1.97626,16.8127,,-0.287959
59,2017,2604361,426260,1102629,603415,746411,1214497,93711,2571198,49507,1174466,207172,,,,,54.7251,67.6938,7.71603,16.3672,1.92544,17.6397,,-0.371996
59,2023,2615635,474513,1157844,626597,762702,1271470,89917,2586613,49339,1205573,174857,212901,1.15784e+06,23810,21,54.1176,65.8726,7.07189,18.1414,1.90748,14.5041,18.3877,-0.191173
60,2012,810300,113448,322432,200067,218459,354216,22852,799196,26429,390431,50257,,,,,62.0494,67.7535,6.45143,14.0007,3.30695,12.8722,,-0.147271
60,2017,824503,134395,336832,207255,227493,372778,26665,814179,24633,389704,53617,,,,,61.5307,67.539,7.15305,16.3001,3.0255,13.7584,,-0.17322
60,2023,829899,151747,350520,215209,235537,387179,27037,820639,23346,392304,45908,71360,350520,25970,14,61.3971,67.1965,6.98308,18.285,2.84486,11.7021,20.3583,-0.18027
61,2012,290015,63165,128463,81578,102376,161737,16191,286797,9585,125484,15611,,,,,63.5031,79.693,10.0107,21.7799,3.34209,12.4406,,-0.191177
61,2017,283372,70781,129187,82948,103482,164926,18425,280754,9084,120384,15786,,,,,64.2077,80.1025,11.1717,24.9781,3.23557,13.113,,-0.2704
61,2023,275201,76302,130839,84073,104571,165473,17071,272848,9517,117111,12760,36908,130839,24110,16,64.2568,79.9234,10.3165,27.7259,3.48802,10.8956,28.2087,-0.0469348
62,2012,1463628,230310,597628,342852,480857,686348,44411,1443793,25002,641878,107479,,,,,57.3688,80.4609,6.47062,15.7356,1.73169,16.7445,,-0.216334
62,2017,1468018,264433,613690,353535,493171,713245,54612,1450603,23579,642112,110429,,,,,57.6081,80.3616,7.65684,18.0129,1.62546,17.1978,,-0.204574
62,2023,1457905,297262,634567,370665,507549,735442,51476,1442877,23590,652087,88593,134473,634567,23260,19,58.4123,79.9835,6.99933,20.3897,1.63493,13.5861,21.1913,-0.122921
63,2012,638092,120585,293631,180863,184688,368303,37810,630968,22039,296831,33387,,,,,61.5953,62.898,10.266,18.8977,3.49289,11.2478,,0.251564
63,2017,653742,138390,306690,188321,192509,386425,40194,647096,21012,299578,36337,,,,,61.4043,62.7699,10.4015,21.1689,3.24712,12.1294,,0.405898
63,2023,664453,152456,320881,198998,201670,405109,42711,658447,19800,306641,30337,77764,320881,26040,15,62.0161,62.8488,10.5431,22.9446,3.00708,9.89333,24.2345,0.340348
64,2012,660871,140840,299881,183854,168217,377782,27833,654174,23747,301123,32684,,,,,61.309,56.0946,7.36748,21.3113,3.63007,10.854,,0.535011
64,2017,677309,158596,316658,193698,176325,404979,33329,670893,23536,306729,36838,,,,,61.1695,55.6831,8.22981,23.4156,3.50816,12.01,,0.581082
64,2023,706564,179091,343946,208241,186541,430789,29929,700434,23303,324101,31816,86032,343946,26300,13,60.5447,54.2355,6.94748,25.3467,3.32694,9.81669,25.0132,0.953578
65,2012,228854,54669,105139,68667,71601,154677,13827,226701,8786,99222,12541,,,,,65.3107,68.1013,8.93927,23.8882,3.87559,12.6393,,0.194056
65,2017,228530,60287,108420,70597,74750,161703,15674,226629,7626,97907,13402,,,,,65.1144,68.9448,9.69308,26.3803,3.36497,13.6885,,0.287432
65,2023,231349,65771,113916,73506,77828,167493,14381,229589,7753,98693,10956,32757,113916,24320,17,64.5265,68.3205,8.58603,28.4293,3.3769,11.1011,28.7554,0.71938
66,2012,457793,104565,208456,125872,132469,328857,26008,452939,15674,186991,33703,,,,,60.383,63.5477,7.9086,22.8411,3.46051,18.0239,,0.968028
66,2017,474452,121086,221977,132465,140229,349914,28593,469835,15043,192480,37622,,,,,59.6751,63.1728,8.17144,25.5212,3.20176,19.5459,,0.843351
66,2023,496855,136677,240478,144741,151594,368673,27675,492670,14998,201985,33278,67238,240478,23080,22,60.1889,63.0386,7.50665,27.5084,3.04423,16.4755,27.9601,1.14448
67,2012,1104667,173416,470723,267441,225775,520432,37292,1091527,27512,544143,63802,,,,,56.8149,47.9635,7.16559,15.6985,2.52051,11.7252,,0.00774308
67,2017,1125559,200048,493333,278039,233312,554075,43617,1113271,27175,548334,66773,,,,,56.3593,47.293,7.87204,17.7732,2.441,12.1774,,0.0177972
67,2023,1163810,229202,527218,293914,240159,593877,46781,1152726,26383,569668,57746,103852,527218,26890,15,55.7481,45.5521,7.87722,19.6941,2.28875,10.1368,19.6981,0.404865
68,2012,755202,126301,319417,193745,171708,360197,31294,745984,15685,365065,48866,,,,,60.6558,53.7567,8.68802,16.7241,2.10259,13.3856,,0.0144395
68,2017,764030,144839,331111,200194,177901,376960,34053,755622,15763,363105,49844,,,,,60.4613,53.7285,9.03358,18.9572,2.0861,13.7272,,-0.0557467
68,2023,770738,164801,346437,209781,185593,396502,35568,763390,14985,366929,41584,75887,346437,27620,14,60.5539,53.5719,8.97045,21.3822,1.96295,11.333,21.905,0.101545
69,2012,1762866,273680,767871,374200,230622,848950,61942,1737180,72143,848600,103794,,,,,48.7321,30.034,7.29631,15.5247,4.15288,12.2312,,0.361272
69,2017,1843319,308439,818114,394592,240941,914980,68435,1818656,70829,878375,110528,,,,,48.2319,29.4508,7.4794,16.7328,3.89458,12.5832,,0.125035
69,2023,1914667,335804,875314,423983,252008,988290,77501,1892937,65852,935322,98924,147349,875314,27500,16,48.4378,28.7906,7.84193,17.5385,3.47883,10.5765,16.8338,0.0641958
70,2012,239750,45718,103843,70899,79316,123352,11454,236892,7394,109433,13349,,,,,68.2752,76.3807,9.28562,19.069,3.12125,12.1983,,0.0762236
70,2017,236659,52528,106074,72946,81678,127615,13592,234293,6333,105935,13380,,,,,68.769,77.001,10.6508,22.1956,2.70303,12.6304,,-0.279041
70,2023,233185,58150,108986,75044,83832,130308,13156,231185,6524,104930,10372,29794,108986,24750,14,68.8566,76.92,10.0961,24.9373,2.82198,9.88469,27.3375,0.00133807
71,2012,555039,123935,250420,157894,171889,302146,28685,549199,15477,246735,29382,,,,,63.0517,68.6403,9.49375,22.3291,2.8181,11.9083,,0.136742
71,2017,553595,138670,255333,163374,177281,310391,31829,548202,14658,241671,29938,,,,,63.9847,69.4313,10.2545,25.049,2.67383,12.3879,,0.0971463
71,2023,550310,150479,262568,169418,182317,316746,30827,545745,15474,240593,24149,71725,262568,24970,14,64.5235,69.4361,9.7324,27.3444,2.83539,10.0373,27.3167,0.275472
72,2012,567382,107452,246375,158434,185845,282330,22599,560312,15905,259706,31381,,,,,64.306,75.4318,8.00446,18.9382,2.8386,12.0833,,0.121915
72,2017,566506,120901,250786,161809,191156,291039,26390,560388,14227,254598,32905,,,,,64.5207,76.2228,9.06751,21.3415,2.53878,12.9243,,-0.205576
72,2023,566733,132780,259592,168072,197096,299610,25704,561120,14067,256414,26657,66120,259592,24990,14,64.7447,75.9253,8.57915,23.429,2.50695,10.3961,25.4707,0.0574869
73,2012,421105,73875,186241,110915,91226,328720,18545,416188,15987,204912,17817,,,,,59.5546,48.9828,5.64158,17.5431,3.84129,8.69495,,0.444992
73,2017,431174,86332,195845,117648,95696,345226,21008,426641,15253,206525,19475,,,,,60.072,48.8631,6.08529,20.0225,3.57514,9.42985,,0.193871
73,2023,448226,98436,211123,127289,101637,367080,19917,444007,15521,217690,16229,48787,211123,27910,11,60.2914,48.1411,5.42579,21.9612,3.49567,7.4551,23.1083,0.587582
74,2012,756501,112179,326436,197605,144195,467419,27542,746167,29958,390813,36613,,,,,60.5341,44.1725,5.89236,14.8287,4.01492,9.36842,,0.884184
74,2017,807360,133418,355359,212459,154197,508229,30689,797124,28081,415329,41479,,,,,59.7871,43.3919,6.03842,16.5252,3.52279,9.98702,,0.732478
74,2023,861158,153334,391689,234945,165234,557563,35682,851494,28957,448239,37646,76402,391689,32180,10,59.9825,42.185,6.39964,17.8056,3.40073,8.39864,19.5058,0.649917
75,2012,2240621,335248,1159105,384099,10511,1357081,100699,2214158,137200,1218088,142559,,,,,33.1376,0.90682,7.42026,14.9623,6.19649,11.7035,,-0.179414
75,2017,2187526,365425,1141623,377451,10074,1382779,117082,2163783,127825,1185939,140723,,,,,33.0627,0.882428,8.46715,16.7049,5.90748,11.866,,-1.13828
75,2023,2103778,372009,1124522,373635,9605,1402024,139075,2084229,113596,1152923,120784,143674,1.12452e+06,33650,17,33.2261,0.854141,9.91959,17.6829,5.45026,10.4763,12.7765,-1.17338
76,2012,1253931,212045,547088,290131,311998,609971,40918,1237939,27291,578273,82339,,,,,53.0319,57.0289,6.70819,16.9104,2.20455,14.2388,,-0.167217
76,2017,1254378,240824,563675,298094,322766,640334,52149,1239933,27632,568943,86842,,,,,52.884,57.261,8.14403,19.1987,2.22851,15.2637,,-0.286013
76,2023,1260964,267901,586580,310761,332293,667137,51378,1247959,26276,572134,71560,116407,586580,24940,17,52.9785,56.6492,7.70127,21.2457,2.10552,12.5076,19.845,-0.0037203
77,2012,1353946,163373,521048,326660,310153,574403,36287,1333897,50751,685099,73864,,,,,62.6929,59.5248,6.31734,12.0664,3.80472,10.7815,,0.298157
77,2017,1403997,197475,552572,341548,321779,612076,41625,1385229,47473,694950,80049,,,,,61.8106,58.233,6.80063,14.0652,3.42709,11.5187,,-0.0410947
77,2023,1468108,227820,597056,364813,334530,661580,43086,1450102,47890,731275,76926,107045,597056,27480,14,61.102,56.0299,6.51259,15.5179,3.30253,10.5194,17.9288,0.150214
78,2012,1412356,199879,557617,332605,244090,603858,33220,1392344,56071,697625,66782,,,,,59.6476,43.7738,5.50129,14.1522,4.02709,9.57276,,-0.537937
78,2017,1438266,232280,580983,342136,249961,637200,39953,1419405,55147,697506,72530,,,,,58.8892,43.0238,6.27009,16.15,3.88522,10.3985,,-0.393867
78,2023,1485086,250762,620141,360498,254923,678260,40022,1467362,52837,729433,70203,119300,620141,31520,12,58.1316,41.1073,5.90069,16.8854,3.60082,9.62432,19.2376,-0.0518448
79,2012,371583,76553,162840,111823,140617,187058,15201,367355,11977,171707,18195,,,,,68.6705,86.3529,8.12636,20.6019,3.26033,10.5965,,0.35956
79,2017,374351,85056,166837,115594,144417,193971,17828,370684,11642,170798,19583,,,,,69.2856,86.5617,9.19106,22.7209,3.14068,11.4656,,0.168361
79,2023,375229,93081,173157,120735,150045,199352,16814,372094,11610,172628,15019,46698,173157,25080,13,69.7257,86.6526,8.43433,24.8065,3.12018,8.70021,26.9686,0.300965
80,2012,571154,96562,242416,148849,184260,286731,21659,564024,13946,260155,39581,,,,,61.4023,76.0098,7.55377,16.9065,2.47259,15.2144,,-0.0322313
80,2017,572443,109384,249773,151074,187858,299211,24907,566268,13128,255687,40634,,,,,60.4845,75.2115,8.32423,19.1083,2.31834,15.8921,,-0.108097
80,2023,565413,122014,259351,154881,191838,311038,25232,559933,12867,256951,34098,60494,259351,24200,17,59.7187,73.9685,8.11219,21.5796,2.29795,13.2702,23.3251,-0.135588
81,2012,378947,85629,167507,112317,132603,200806,18543,374866,13585,165217,21553,,,,,67.0521,79.1627,9.23429,22.5966,3.62396,13.0453,,0.520763
81,2017,387890,95427,176070,117718,139498,211038,19234,384318,13226,167590,23496,,,,,66.8586,79.2287,9.114,24.6016,3.44142,14.0199,,0.561556
81,2023,397352,106069,186515,124793,147177,222220,19184,393997,13342,172871,19849,52732,186515,24420,16,66.9078,78.9089,8.63289,26.694,3.38632,11.482,28.2723,0.745185
82,2012,246971,49447,104470,69472,82748,123725,11890,243976,10541,110671,15065,,,,,66.4995,79.2074,9.61002,20.0214,4.32051,13.6124,,1.08835
82,2017,258349,55887,110784,73542,87532,131300,12908,255596,9170,114266,16353,,,,,66.3832,79.0114,9.83092,21.6324,3.58769,14.3113,,0.802118
82,2023,265817,62411,117641,78904,93496,138093,12849,263288,9026,119004,13466,30670,117641,24350,17,67.0719,79.4757,9.3046,23.4789,3.42819,11.3156,26.0708,0.574223
83,2012,1021669,236610,458217,270703,230293,676133,42665,1011030,35527,436880,62575,,,,,59.0775,50.2585,6.31015,23.1592,3.51394,14.3232,,0.460774
83,2017,1058740,270077,487268,285123,241523,714503,44805,1048740,33153,450193,66526,,,,,58.5146,49.5668,6.27079,25.5093,3.16122,14.7772,,0.740768
83,2023,1119307,305642,533930,313454,258319,759434,41844,1109583,33845,481236,56204,143515,533930,25940,17,58.7069,48.3807,5.50989,27.3064,3.05025,11.6791,26.879,1.16667
84,2012,546314,105586,236594,131698,153222,284746,27167,539488,20971,244113,38583,,,,,55.6641,64.7616,9.54078,19.327,3.8872,15.8054,,-0.00910542
84,2017,559479,119992,247451,136803,159460,301947,30204,553035,19251,247813,41796,,,,,55.2849,64.441,10.0031,21.4471,3.48097,16.8659,,0.162617
84,2023,572056,135551,263428,147892,168692,321633,29739,566662,18652,253835,34164,61338,263428,23840,21,56.1413,64.0372,9.24625,23.6954,3.29156,13.4591,23.2845,0.290747
85,2012,648901,132418,279239,201577,244609,397448,20273,641031,21655,295544,31332,,,,,72.188,87.5984,5.10079,20.4065,3.37815,10.6015,,1.13781
85,2017,675247,158480,297468,214454,259832,421680,22254,668690,20930,302366,33438,,,,,72.0931,87.3479,5.27746,23.4699,3.13,11.0588,,0.75876
85,2023,713609,188868,326386,235895,283340,453701,22577,707771,21833,320744,26438,96400,326386,25850,9,72.2749,86.8113,4.97618,26.4666,3.08475,8.24271,29.5356,1.18833
86,2012,430018,82042,196305,120532,145488,230585,21665,424950,18140,197320,23435,,,,,61.4004,74.1132,9.39567,19.0787,4.26874,11.8766,,0.210196
86,2017,436876,93233,202864,125073,150795,240200,23435,432445,15755,195093,24806,,,,,61.6536,74.3331,9.75645,21.3408,3.64324,12.715,,0.211293
86,2023,438897,103121,209899,129954,156606,248104,23301,435028,14653,196420,20358,52284,209899,24940,16,61.9126,74.6102,9.39163,23.4955,3.36829,10.3645,24.9091,0.188001
87,2012,375869,80624,177892,109767,114777,213992,19804,371638,12814,167108,20207,,,,,61.7043,64.5206,9.25455,21.45,3.44798,12.0922,,0.277013
87,2017,374426,90216,181373,112416,117918,219980,21567,370867,10785,162270,20817,,,,,61.9806,65.0141,9.80407,24.0945,2.90805,12.8286,,0.0310214
87,2023,373167,97469,186725,116726,122176,225631,21667,370077,10769,163008,17623,49711,186725,24740,17,62.5123,65.431,9.60285,26.1194,2.90993,10.8111,26.6226,0.202399
88,2012,377282,74435,167392,106366,110679,207617,21061,373137,8405,170684,25422,,,,,63.5431,66.1196,10.1442,19.7293,2.25252,14.8942,,-0.202995
88,2017,367673,85439,168767,108312,113144,213629,24231,364276,7965,163663,25150,,,,,64.1784,67.0415,11.3426,23.2378,2.18653,15.3669,,-0.359678
88,2023,357248,93430,171490,110307,115107,216751,22303,354444,7896,158832,19076,45402,171490,24320,16,64.3227,67.1217,10.2897,26.1527,2.22771,12.0102,26.475,-0.075656
89,2012,341902,70944,149739,101184,114880,191288,19090,337870,10338,151562,19754,,,,,67.5736,76.7202,9.97972,20.7498,3.05976,13.0336,,0.0458675
89,2017,338291,79590,152596,103069,117606,196697,22692,334743,9143,148073,20805,,,,,67.5437,77.0702,11.5365,23.5271,2.73135,14.0505,,-0.0960509
89,2023,332267,86415,156368,105229,119846,200574,23190,329295,9571,145051,16715,43677,156368,24590,16,67.2957,76.6436,11.5618,26.0077,2.90651,11.5235,27.9322,0.0783842
90,2012,143940,23914,63894,34265,30566,69745,5004,142121,6545,67223,10019,,,,,53.6279,47.8386,7.17471,16.6139,4.60523,14.9041,,-0.134228
90,2017,142622,27352,64473,35848,31684,72211,6696,140960,6142,65616,10161,,,,,55.6016,49.1431,9.27283,19.178,4.35726,15.4856,,-0.447131
90,2023,140255,29565,65411,36566,32535,74317,7365,138960,5461,64562,8460,13276,65411,25910,17,55.9019,49.7393,9.91025,21.0795,3.92991,13.1037,20.2963,-0.29355
91,2012,1237507,164975,481745,291112,237610,517656,29006,1219181,46240,613923,63815,,,,,60.4287,49.3228,5.60334,13.3312,3.79271,10.3946,,-0.147705
91,2017,1296130,191001,514470,303429,244051,558684,35354,1277914,44975,632621,70939,,,,,58.9789,47.4374,6.32809,14.7363,3.51941,11.2135,,0.0502623
91,2023,1338485,208553,549736,315092,250145,600822,39490,1321253,43802,657417,66288,98170,549736,27940,15,57.317,45.5028,6.57266,15.5813,3.31519,10.0831,17.8577,-0.21226
92,2012,1586434,218758,697317,295893,87212,766245,47817,1561886,85315,826144,87273,,,,,42.4331,12.5068,6.24043,13.7893,5.46231,10.5639,,-0.259801
92,2017,1609306,242649,715018,304884,84836,796181,53022,1586681,82740,832097,91068,,,,,42.64,11.8649,6.65954,15.0779,5.21466,10.9444,,-0.627432
92,2023,1654712,257310,754911,324591,84403,846710,57829,1633839,81751,875956,87323,100816,754911,33790,14,42.9973,11.1805,6.82985,15.5501,5.00361,9.96888,13.3547,-0.23476
93,2012,1538726,169574,588188,238523,151832,627186,34098,1511418,56907,748598,136342,,,,,40.5522,25.8135,5.43666,11.0204,3.76514,18.213,,-0.578684
93,2017,1623111,189360,625820,243905,152337,671680,39138,1595797,57795,779308,143588,,,,,38.9737,24.342,5.82688,11.6665,3.6217,18.4251,,-0.23383
93,2023,1704316,212455,673946,253015,151805,728182,43944,1680060,53002,818910,126535,69075,673946,21250,30,37.5423,22.5248,6.03476,12.4657,3.15477,15.4516,10.2493,-0.276239
94,2012,1341831,181984,561539,257616,130647,600315,31091,1321446,60170,679101,83440,,,,,45.8768,23.2659,5.17911,13.5624,4.55335,12.2868,,-0.19446
94,2017,1387926,204025,586755,263982,130557,633207,35685,1367984,58202,692668,88458,,,,,44.9902,22.2507,5.6356,14.7,4.25458,12.7706,,-0.261389
94,2023,1426929,220233,622567,272028,130487,676858,39944,1408436,56040,717451,82697,87197,622567,27250,18,43.6946,20.9595,5.90139,15.4341,3.97888,11.5265,14.006,-0.301949
95,2012,1187081,140023,445487,256262,208552,475298,24903,1168365,40820,588884,75766,,,,,57.524,46.8144,5.23945,11.7956,3.49377,12.866,,-0.399683
95,2017,1228618,162955,468351,262958,211516,504100,29434,1210177,40245,596649,79237,,,,,56.1455,45.1619,5.83892,13.2633,3.32555,13.2803,,-0.353388
95,2023,1281653,183713,504712,275093,214997,546347,33049,1264313,37002,622025,73597,80051,504712,25890,19,54.5049,42.598,6.04909,14.3341,2.92665,11.8318,15.8607,-0.203467
971,2012,403314,59350,167655,100502,125652,213013,30441,398516,6894,177628,51556,,,,,59.9457,74.9468,14.2907,14.7156,1.72992,29.0247,,-0.389781
971,2017,390253,69877,171988,100985,128209,227525,35235,386578,6012,174021,51091,,,,,58.7163,74.5453,15.4862,17.9056,1.55518,29.3591,,-1.11496
971,2023,384160,84501,179833,105734,133471,239695,33921,380872,5597,167378,40192,44150,179833,,,58.7957,74.2194,14.1517,21.9963,1.46952,24.0127,24.5506,-0.430874
972,2012,388364,63706,163445,89378,104911,201248,28484,383988,6346,176130,46623,,,,,54.6838,64.1873,14.1537,16.4037,1.65266,26.4708,,-0.909562
972,2017,372594,73768,167200,91210,105681,212577,32703,369067,5855,169052,41389,,,,,54.5514,63.2063,15.3841,19.7985,1.58643,24.483,,-1.08656
972,2023,360630,85701,171743,91951,106304,221736,33338,357715,5708,159731,30145,40845,171743,,,53.5399,61.8971,15.035,23.7642,1.59568,18.8724,23.7826,-0.500455
973,2012,239648,10574,68177,30571,44548,75965,6241,233675,7730,89797,28007,,,,,44.8406,65.3417,8.21563,4.4123,3.30801,31.1892,,0.451108
973,2017,268700,14199,77930,33409,49041,88986,8948,262469,7449,105012,37610,,,,,42.8705,62.9296,10.0555,5.28433,2.83805,35.815,,-0.051826
973,2023,293996,19340,88425,35318,51925,103121,10095,287674,5993,114196,34248,7196,88425,,,39.9412,58.7221,9.78947,6.57832,2.08326,29.9905,8.13797,-1.00788
974,2012,833944,76090,302322,156784,211804,335463,26466,820699,13906,378951,136104,,,,,51.8599,70.0591,7.88939,9.12411,1.69441,35.916,,-0.0305752
974,2017,853659,95086,328195,166841,220186,369895,32188,841631,12969,390684,132562,,,,,50.8359,67.09,8.70193,11.1386,1.54094,33.9307,,-0.681652
974,2023,889679,122295,359288,179785,234954,406285,32961,878052,14337,402558,111213,51766,359288,19110,36,50.0392,65.3943,8.11278,13.746,1.63282,27.6266,14.4079,-0.234247
